Categoría;Pregunta;Respuesta
Terreno y Estudio de Suelos;¿Toda vivienda necesita estudiar el suelo antes de construir?;"La cimentación debe basarse en las condiciones reales del terreno. La E.050 permite un Informe Técnico de Suelos solo en casos limitados de terreno conocido y uniforme; no autoriza construir sin investigación."
Terreno y Estudio de Suelos;¿Qué establece el RNE sobre la necesidad del estudio de suelos?;"La cimentación debe basarse en las condiciones reales del terreno. La E.050 permite un Informe Técnico de Suelos solo en casos limitados de terreno conocido y uniforme; no autoriza construir sin investigación."
Terreno y Estudio de Suelos;¿Cómo se verifica la necesidad del estudio de suelos en obra?;"La cimentación debe basarse en las condiciones reales del terreno. La E.050 permite un Informe Técnico de Suelos solo en casos limitados de terreno conocido y uniforme; no autoriza construir sin investigación. Debe revisarse número de pisos, área, sótanos, antecedentes, exploraciones y firma profesional."
Terreno y Estudio de Suelos;¿Qué error frecuente se comete con la necesidad del estudio de suelos?;El error frecuente es construir con valores copiados de otra obra. Esto puede causar asentamientos, grietas y cimentación inadecuada.
Terreno y Estudio de Suelos;¿Qué consecuencias puede tener el error de construir con valores copiados de otra obra?;Este error puede generar asentamientos, grietas y cimentación inadecuada. La acción correcta es investigar el lote antes de diseñar.
Terreno y Estudio de Suelos;¿Por qué es importante controlar la necesidad del estudio de suelos?;"Porque una ejecución incorrecta puede causar asentamientos, grietas y cimentación inadecuada. La referencia correcta es: La cimentación debe basarse en las condiciones reales del terreno. La E.050 permite un Informe Técnico de Suelos solo en casos limitados de terreno conocido y uniforme; no autoriza construir sin investigación."
Terreno y Estudio de Suelos;¿Cuándo puede usarse un Informe Técnico de Suelos en vez de un EMS completo?;Puede usarse en el supuesto simplificado de la E.050: suelo conocido y uniforme, edificación de hasta tres pisos, sin sótano y con área de primer piso menor de 500 m², bajo responsabilidad profesional.
Terreno y Estudio de Suelos;¿Qué establece el RNE sobre el Informe Técnico de Suelos simplificado?;Puede usarse en el supuesto simplificado de la E.050: suelo conocido y uniforme, edificación de hasta tres pisos, sin sótano y con área de primer piso menor de 500 m², bajo responsabilidad profesional.
Terreno y Estudio de Suelos;¿Cómo se verifica el Informe Técnico de Suelos simplificado en obra?;Puede usarse en el supuesto simplificado de la E.050: suelo conocido y uniforme, edificación de hasta tres pisos, sin sótano y con área de primer piso menor de 500 m², bajo responsabilidad profesional. Debe revisarse que se cumplan simultáneamente todas las condiciones.
Terreno y Estudio de Suelos;¿Qué error frecuente se comete con el Informe Técnico de Suelos simplificado?;El error frecuente es usar el informe simplificado en relleno o suelo heterogéneo. Esto puede causar basar el diseño en información insuficiente.
Terreno y Estudio de Suelos;¿Qué consecuencias puede tener el error de usar el informe simplificado en relleno o suelo heterogéneo?;Este error puede generar basar el diseño en información insuficiente. La acción correcta es solicitar un EMS completo.
Terreno y Estudio de Suelos;¿Por qué es importante controlar el Informe Técnico de Suelos simplificado?;Porque una ejecución incorrecta puede causar basar el diseño en información insuficiente. La referencia correcta es: Puede usarse en el supuesto simplificado de la E.050: suelo conocido y uniforme, edificación de hasta tres pisos, sin sótano y con área de primer piso menor de 500 m², bajo responsabilidad profesional.
Terreno y Estudio de Suelos;¿Cuántas calicatas se requieren como mínimo en el caso simplificado?;La E.050 exige por lo menos tres puntos de exploración, distribuidos para representar el área de la edificación.
Terreno y Estudio de Suelos;¿Qué establece el RNE sobre los puntos de exploración del terreno?;La E.050 exige por lo menos tres puntos de exploración, distribuidos para representar el área de la edificación.
Terreno y Estudio de Suelos;¿Cómo se verifica los puntos de exploración del terreno en obra?;La E.050 exige por lo menos tres puntos de exploración, distribuidos para representar el área de la edificación. Debe revisarse cantidad, ubicación y descripción de estratos.
Terreno y Estudio de Suelos;¿Qué error frecuente se comete con los puntos de exploración del terreno?;El error frecuente es hacer una sola calicata en una esquina. Esto puede causar no detectar rellenos o capas blandas.
Terreno y Estudio de Suelos;¿Qué consecuencias puede tener el error de hacer una sola calicata en una esquina?;Este error puede generar no detectar rellenos o capas blandas. La acción correcta es ampliar la exploración.
Terreno y Estudio de Suelos;¿Por qué es importante controlar los puntos de exploración del terreno?;Porque una ejecución incorrecta puede causar no detectar rellenos o capas blandas. La referencia correcta es: La E.050 exige por lo menos tres puntos de exploración, distribuidos para representar el área de la edificación.
Terreno y Estudio de Suelos;¿Hasta qué profundidad mínima se explora el suelo en el caso simplificado?;La profundidad mínima de exploración del Informe Técnico de Suelos es 3.00 m. Un EMS puede requerir mayor profundidad según las cargas y estratos.
Terreno y Estudio de Suelos;¿Qué establece el RNE sobre la profundidad de las calicatas?;La profundidad mínima de exploración del Informe Técnico de Suelos es 3.00 m. Un EMS puede requerir mayor profundidad según las cargas y estratos.
Terreno y Estudio de Suelos;¿Cómo se verifica la profundidad de las calicatas en obra?;La profundidad mínima de exploración del Informe Técnico de Suelos es 3.00 m. Un EMS puede requerir mayor profundidad según las cargas y estratos. Debe revisarse profundidad medida, perfil y nivel de agua.
Terreno y Estudio de Suelos;¿Qué error frecuente se comete con la profundidad de las calicatas?;El error frecuente es hacer una calicata superficial. Esto puede causar no detectar suelo débil debajo de la cimentación.
Terreno y Estudio de Suelos;¿Qué consecuencias puede tener el error de hacer una calicata superficial?;Este error puede generar no detectar suelo débil debajo de la cimentación. La acción correcta es profundizar según la E.050.
Terreno y Estudio de Suelos;¿Por qué es importante controlar la profundidad de las calicatas?;Porque una ejecución incorrecta puede causar no detectar suelo débil debajo de la cimentación. La referencia correcta es: La profundidad mínima de exploración del Informe Técnico de Suelos es 3.00 m. Un EMS puede requerir mayor profundidad según las cargas y estratos.
Terreno y Estudio de Suelos;¿Se puede cimentar sobre tierra vegetal, basura o desmonte?;No. La E.050 prohíbe apoyar cimentaciones sobre turba, suelo orgánico, tierra vegetal, relleno de demolición, sanitario, industrial o no controlado.
Terreno y Estudio de Suelos;¿Qué establece el RNE sobre los suelos prohibidos como apoyo?;No. La E.050 prohíbe apoyar cimentaciones sobre turba, suelo orgánico, tierra vegetal, relleno de demolición, sanitario, industrial o no controlado.
Terreno y Estudio de Suelos;¿Cómo se verifica los suelos prohibidos como apoyo en obra?;No. La E.050 prohíbe apoyar cimentaciones sobre turba, suelo orgánico, tierra vegetal, relleno de demolición, sanitario, industrial o no controlado. Debe revisarse raíces, basura, huecos, olor y capas sueltas.
Terreno y Estudio de Suelos;¿Qué error frecuente se comete con los suelos prohibidos como apoyo?;El error frecuente es vaciar el cimiento sobre desmonte. Esto puede causar asentamientos diferenciales.
Terreno y Estudio de Suelos;¿Qué consecuencias puede tener el error de vaciar el cimiento sobre desmonte?;Este error puede generar asentamientos diferenciales. La acción correcta es retirar o mejorar el material con control técnico.
Terreno y Estudio de Suelos;¿Por qué es importante controlar los suelos prohibidos como apoyo?;Porque una ejecución incorrecta puede causar asentamientos diferenciales. La referencia correcta es: No. La E.050 prohíbe apoyar cimentaciones sobre turba, suelo orgánico, tierra vegetal, relleno de demolición, sanitario, industrial o no controlado.
Terreno y Estudio de Suelos;¿Puedo usar la capacidad portante del terreno del vecino?;No como valor automático. Sirve como antecedente, pero cada lote puede tener rellenos, humedad y estratos diferentes.
Terreno y Estudio de Suelos;¿Existe una medida mínima universal para el uso de la capacidad portante del vecino?;No como valor automático. Sirve como antecedente, pero cada lote puede tener rellenos, humedad y estratos diferentes.
Terreno y Estudio de Suelos;¿Cómo se verifica el uso de la capacidad portante del vecino en obra?;No como valor automático. Sirve como antecedente, pero cada lote puede tener rellenos, humedad y estratos diferentes. Debe revisarse ubicación, profundidad, perfil y semejanza real.
Terreno y Estudio de Suelos;¿Qué error frecuente se comete con el uso de la capacidad portante del vecino?;El error frecuente es copiar un valor sin explorar el lote. Esto puede causar cimientos pequeños o sobredimensionados.
Terreno y Estudio de Suelos;¿Qué consecuencias puede tener el error de copiar un valor sin explorar el lote?;Este error puede generar cimientos pequeños o sobredimensionados. La acción correcta es obtener parámetros del propio terreno.
Terreno y Estudio de Suelos;¿Por qué es importante controlar el uso de la capacidad portante del vecino?;Porque una ejecución incorrecta puede causar cimientos pequeños o sobredimensionados. La referencia correcta es: No como valor automático. Sirve como antecedente, pero cada lote puede tener rellenos, humedad y estratos diferentes.
Terreno y Estudio de Suelos;¿Qué hago si aparece agua en la excavación?;Debe identificarse si es nivel freático, fuga, lluvia o filtración. No se vacía sobre agua, barro o suelo lavado sin estabilizar el fondo.
Terreno y Estudio de Suelos;¿Cuál es la forma correcta de resolver el agua encontrada al excavar en una vivienda autoconstruida?;Debe identificarse si es nivel freático, fuga, lluvia o filtración. No se vacía sobre agua, barro o suelo lavado sin estabilizar el fondo.
Terreno y Estudio de Suelos;¿Cómo se verifica el agua encontrada al excavar en obra?;Debe identificarse si es nivel freático, fuga, lluvia o filtración. No se vacía sobre agua, barro o suelo lavado sin estabilizar el fondo. Debe revisarse nivel, reaparición, origen y estado del suelo.
Terreno y Estudio de Suelos;¿Qué error frecuente se comete con el agua encontrada al excavar?;El error frecuente es bombear y vaciar de inmediato. Esto puede causar lavado de finos y pérdida de apoyo.
Terreno y Estudio de Suelos;¿Qué consecuencias puede tener el error de bombear y vaciar de inmediato?;Este error puede generar lavado de finos y pérdida de apoyo. La acción correcta es eliminar la causa y aprobar el fondo.
Terreno y Estudio de Suelos;¿Por qué es importante controlar el agua encontrada al excavar?;Porque una ejecución incorrecta puede causar lavado de finos y pérdida de apoyo. La referencia correcta es: Debe identificarse si es nivel freático, fuga, lluvia o filtración. No se vacía sobre agua, barro o suelo lavado sin estabilizar el fondo.
Terreno y Estudio de Suelos;¿Se puede construir sobre un terreno rellenado?;Solo después de conocer espesor, material y compactación. El relleno no controlado debe retirarse, mejorarse o atravesarse con una solución diseñada.
Terreno y Estudio de Suelos;¿Existe una medida mínima universal para la construcción sobre relleno?;Solo después de conocer espesor, material y compactación. El relleno no controlado debe retirarse, mejorarse o atravesarse con una solución diseñada.
Terreno y Estudio de Suelos;¿Cómo se verifica la construcción sobre relleno en obra?;Solo después de conocer espesor, material y compactación. El relleno no controlado debe retirarse, mejorarse o atravesarse con una solución diseñada. Debe revisarse calicatas, basura, densidad y uniformidad.
Terreno y Estudio de Suelos;¿Qué error frecuente se comete con la construcción sobre relleno?;El error frecuente es construir sobre relleno suelto. Esto puede causar hundimientos y pisos inclinados.
Terreno y Estudio de Suelos;¿Qué consecuencias puede tener el error de construir sobre relleno suelto?;Este error puede generar hundimientos y pisos inclinados. La acción correcta es evaluar y tratar el relleno.
Terreno y Estudio de Suelos;¿Por qué es importante controlar la construcción sobre relleno?;Porque una ejecución incorrecta puede causar hundimientos y pisos inclinados. La referencia correcta es: Solo después de conocer espesor, material y compactación. El relleno no controlado debe retirarse, mejorarse o atravesarse con una solución diseñada.
Terreno y Estudio de Suelos;¿Puedo construir una vivienda de albañilería en una ladera?;Sí solo con evaluación de estabilidad, cortes, rellenos, drenaje, sismo y predios vecinos. La vivienda y el talud deben diseñarse como un conjunto.
Terreno y Estudio de Suelos;¿Existe una medida mínima universal para la construcción en ladera?;Sí solo con evaluación de estabilidad, cortes, rellenos, drenaje, sismo y predios vecinos. La vivienda y el talud deben diseñarse como un conjunto.
Terreno y Estudio de Suelos;¿Cómo se verifica la construcción en ladera en obra?;Sí solo con evaluación de estabilidad, cortes, rellenos, drenaje, sismo y predios vecinos. La vivienda y el talud deben diseñarse como un conjunto. Debe revisarse grietas, pendiente, agua, cortes y rellenos.
Terreno y Estudio de Suelos;¿Qué error frecuente se comete con la construcción en ladera?;El error frecuente es cortar el cerro verticalmente sin sostenimiento. Esto puede causar deslizamiento y pérdida de apoyo.
Terreno y Estudio de Suelos;¿Qué consecuencias puede tener el error de cortar el cerro verticalmente sin sostenimiento?;Este error puede generar deslizamiento y pérdida de apoyo. La acción correcta es realizar estudio geotécnico.
Terreno y Estudio de Suelos;¿Por qué es importante controlar la construcción en ladera?;Porque una ejecución incorrecta puede causar deslizamiento y pérdida de apoyo. La referencia correcta es: Sí solo con evaluación de estabilidad, cortes, rellenos, drenaje, sismo y predios vecinos. La vivienda y el talud deben diseñarse como un conjunto.
Excavaciones, Rellenos y Compactación;¿Cuál es el ancho mínimo de una zanja para cimiento corrido?;No hay un ancho único. Debe permitir ejecutar el ancho calculado del cimiento, trabajar con seguridad y mantener estables las paredes.
Excavaciones, Rellenos y Compactación;¿Existe una medida mínima universal para el ancho de una zanja de cimentación?;No hay un ancho único. Debe permitir ejecutar el ancho calculado del cimiento, trabajar con seguridad y mantener estables las paredes.
Excavaciones, Rellenos y Compactación;¿Cómo se verifica el ancho de una zanja de cimentación en obra?;No hay un ancho único. Debe permitir ejecutar el ancho calculado del cimiento, trabajar con seguridad y mantener estables las paredes. Debe revisarse plano, ancho del fondo y espacio de trabajo.
Excavaciones, Rellenos y Compactación;¿Qué error frecuente se comete con el ancho de una zanja de cimentación?;El error frecuente es hacer la zanja más angosta que el cimiento. Esto puede causar reducción del área de apoyo.
Excavaciones, Rellenos y Compactación;¿Qué consecuencias puede tener el error de hacer la zanja más angosta que el cimiento?;Este error puede generar reducción del área de apoyo. La acción correcta es corregir la excavación antes del vaciado.
Excavaciones, Rellenos y Compactación;¿Por qué es importante controlar el ancho de una zanja de cimentación?;Porque una ejecución incorrecta puede causar reducción del área de apoyo. La referencia correcta es: No hay un ancho único. Debe permitir ejecutar el ancho calculado del cimiento, trabajar con seguridad y mantener estables las paredes.
Excavaciones, Rellenos y Compactación;¿Puedo dejar una zanja profunda con paredes verticales?;Solo si el suelo y la profundidad son estables o existe sostenimiento. En suelo suelto, húmedo o de relleno puede colapsar sin aviso.
Excavaciones, Rellenos y Compactación;¿Cuál es la forma correcta de resolver las paredes verticales de una excavación en una vivienda autoconstruida?;Solo si el suelo y la profundidad son estables o existe sostenimiento. En suelo suelto, húmedo o de relleno puede colapsar sin aviso.
Excavaciones, Rellenos y Compactación;¿Cómo se verifica las paredes verticales de una excavación en obra?;Solo si el suelo y la profundidad son estables o existe sostenimiento. En suelo suelto, húmedo o de relleno puede colapsar sin aviso. Debe revisarse grietas, desprendimientos, humedad y vibración.
Excavaciones, Rellenos y Compactación;¿Qué error frecuente se comete con las paredes verticales de una excavación?;El error frecuente es dejar una pared vertical inestable. Esto puede causar derrumbe y sepultamiento.
Excavaciones, Rellenos y Compactación;¿Qué consecuencias puede tener el error de dejar una pared vertical inestable?;Este error puede generar derrumbe y sepultamiento. La acción correcta es dar talud o entibar.
Excavaciones, Rellenos y Compactación;¿Por qué es importante controlar las paredes verticales de una excavación?;Porque una ejecución incorrecta puede causar derrumbe y sepultamiento. La referencia correcta es: Solo si el suelo y la profundidad son estables o existe sostenimiento. En suelo suelto, húmedo o de relleno puede colapsar sin aviso.
Excavaciones, Rellenos y Compactación;¿Se puede amontonar la tierra al borde de la excavación?;No debe colocarse pegada al borde porque aumenta el empuje y bloquea la salida.
Excavaciones, Rellenos y Compactación;¿Cuál es la forma correcta de resolver el material acumulado junto a la zanja en una vivienda autoconstruida?;No debe colocarse pegada al borde porque aumenta el empuje y bloquea la salida.
Excavaciones, Rellenos y Compactación;¿Cómo se verifica el material acumulado junto a la zanja en obra?;No debe colocarse pegada al borde porque aumenta el empuje y bloquea la salida. Debe revisarse distancia, altura del montón y circulación.
Excavaciones, Rellenos y Compactación;¿Qué error frecuente se comete con el material acumulado junto a la zanja?;El error frecuente es cargar el borde con tierra o materiales. Esto puede causar colapso de la pared.
Excavaciones, Rellenos y Compactación;¿Qué consecuencias puede tener el error de cargar el borde con tierra o materiales?;Este error puede generar colapso de la pared. La acción correcta es retirar las cargas a distancia segura.
Excavaciones, Rellenos y Compactación;¿Por qué es importante controlar el material acumulado junto a la zanja?;Porque una ejecución incorrecta puede causar colapso de la pared. La referencia correcta es: No debe colocarse pegada al borde porque aumenta el empuje y bloquea la salida.
Excavaciones, Rellenos y Compactación;¿Cómo debe quedar el fondo antes de cimentar?;Debe estar firme, uniforme, limpio, en la cota indicada y sin barro, raíces, basura ni suelo removido.
Excavaciones, Rellenos y Compactación;¿Cuál es la forma correcta de resolver el fondo de la excavación en una vivienda autoconstruida?;Debe estar firme, uniforme, limpio, en la cota indicada y sin barro, raíces, basura ni suelo removido.
Excavaciones, Rellenos y Compactación;¿Cómo se verifica el fondo de la excavación en obra?;Debe estar firme, uniforme, limpio, en la cota indicada y sin barro, raíces, basura ni suelo removido. Debe revisarse nivel, consistencia, humedad y limpieza.
Excavaciones, Rellenos y Compactación;¿Qué error frecuente se comete con el fondo de la excavación?;El error frecuente es vaciar sobre barro o tierra suelta. Esto puede causar asentamientos y contaminación del concreto.
Excavaciones, Rellenos y Compactación;¿Qué consecuencias puede tener el error de vaciar sobre barro o tierra suelta?;Este error puede generar asentamientos y contaminación del concreto. La acción correcta es retirar el material alterado.
Excavaciones, Rellenos y Compactación;¿Por qué es importante controlar el fondo de la excavación?;Porque una ejecución incorrecta puede causar asentamientos y contaminación del concreto. La referencia correcta es: Debe estar firme, uniforme, limpio, en la cota indicada y sin barro, raíces, basura ni suelo removido.
Excavaciones, Rellenos y Compactación;¿Qué hago si excavé más profundo de lo indicado?;No se rellena con tierra suelta. Se corrige con material controlado, concreto pobre u otra solución aprobada.
Excavaciones, Rellenos y Compactación;¿Cuál es la forma correcta de resolver la sobreexcavación en una vivienda autoconstruida?;No se rellena con tierra suelta. Se corrige con material controlado, concreto pobre u otra solución aprobada.
Excavaciones, Rellenos y Compactación;¿Cómo se verifica la sobreexcavación en obra?;No se rellena con tierra suelta. Se corrige con material controlado, concreto pobre u otra solución aprobada. Debe revisarse profundidad excedida y extensión.
Excavaciones, Rellenos y Compactación;¿Qué error frecuente se comete con la sobreexcavación?;El error frecuente es rellenar con desmonte. Esto puede causar asentamiento localizado.
Excavaciones, Rellenos y Compactación;¿Qué consecuencias puede tener el error de rellenar con desmonte?;Este error puede generar asentamiento localizado. La acción correcta es corregir con una solución controlada.
Excavaciones, Rellenos y Compactación;¿Por qué es importante controlar la sobreexcavación?;Porque una ejecución incorrecta puede causar asentamiento localizado. La referencia correcta es: No se rellena con tierra suelta. Se corrige con material controlado, concreto pobre u otra solución aprobada.
Excavaciones, Rellenos y Compactación;¿Puedo excavar pegado a la cimentación del vecino?;Solo con una secuencia y sostenimiento que no retiren su apoyo. Puede requerir excavación por tramos, apuntalamiento o recalce.
Excavaciones, Rellenos y Compactación;¿Existe una medida mínima universal para la excavación junto al vecino?;Solo con una secuencia y sostenimiento que no retiren su apoyo. Puede requerir excavación por tramos, apuntalamiento o recalce.
Excavaciones, Rellenos y Compactación;¿Cómo se verifica la excavación junto al vecino en obra?;Solo con una secuencia y sostenimiento que no retiren su apoyo. Puede requerir excavación por tramos, apuntalamiento o recalce. Debe revisarse profundidad vecina, grietas y medianera.
Excavaciones, Rellenos y Compactación;¿Qué error frecuente se comete con la excavación junto al vecino?;El error frecuente es excavar por debajo sin sostenimiento. Esto puede causar asentamiento o colapso del predio colindante.
Excavaciones, Rellenos y Compactación;¿Qué consecuencias puede tener el error de excavar por debajo sin sostenimiento?;Este error puede generar asentamiento o colapso del predio colindante. La acción correcta es diseñar la excavación y el recalce.
Excavaciones, Rellenos y Compactación;¿Por qué es importante controlar la excavación junto al vecino?;Porque una ejecución incorrecta puede causar asentamiento o colapso del predio colindante. La referencia correcta es: Solo con una secuencia y sostenimiento que no retiren su apoyo. Puede requerir excavación por tramos, apuntalamiento o recalce.
Excavaciones, Rellenos y Compactación;¿Se puede rellenar debajo del piso con desmonte?;No. Debe usarse material seleccionado, sin basura ni materia orgánica, colocado y compactado por capas.
Excavaciones, Rellenos y Compactación;¿Cuál es la forma correcta de resolver el relleno debajo del piso en una vivienda autoconstruida?;No. Debe usarse material seleccionado, sin basura ni materia orgánica, colocado y compactado por capas.
Excavaciones, Rellenos y Compactación;¿Cómo se verifica el relleno debajo del piso en obra?;No. Debe usarse material seleccionado, sin basura ni materia orgánica, colocado y compactado por capas. Debe revisarse material, capas, humedad y compactación.
Excavaciones, Rellenos y Compactación;¿Qué error frecuente se comete con el relleno debajo del piso?;El error frecuente es cubrir escombros con contrapiso. Esto puede causar hundimiento y rotura de tuberías.
Excavaciones, Rellenos y Compactación;¿Qué consecuencias puede tener el error de cubrir escombros con contrapiso?;Este error puede generar hundimiento y rotura de tuberías. La acción correcta es retirar y compactar material adecuado.
Excavaciones, Rellenos y Compactación;¿Por qué es importante controlar el relleno debajo del piso?;Porque una ejecución incorrecta puede causar hundimiento y rotura de tuberías. La referencia correcta es: No. Debe usarse material seleccionado, sin basura ni materia orgánica, colocado y compactado por capas.
Excavaciones, Rellenos y Compactación;¿Qué espesor debe tener cada capa de relleno?;No existe uno universal: depende del material y equipo. Debe ser lo bastante delgada para que la compactación alcance toda la capa.
Excavaciones, Rellenos y Compactación;¿Existe una medida mínima universal para el espesor de capas de compactación?;No existe uno universal: depende del material y equipo. Debe ser lo bastante delgada para que la compactación alcance toda la capa.
Excavaciones, Rellenos y Compactación;¿Cómo se verifica el espesor de capas de compactación en obra?;No existe uno universal: depende del material y equipo. Debe ser lo bastante delgada para que la compactación alcance toda la capa. Debe revisarse tipo de suelo, equipo, humedad y densidad.
Excavaciones, Rellenos y Compactación;¿Qué error frecuente se comete con el espesor de capas de compactación?;El error frecuente es colocar una capa gruesa y compactar solo arriba. Esto puede causar suelo suelto debajo de una costra dura.
Excavaciones, Rellenos y Compactación;¿Qué consecuencias puede tener el error de colocar una capa gruesa y compactar solo arriba?;Este error puede generar suelo suelto debajo de una costra dura. La acción correcta es reprocesar por capas.
Excavaciones, Rellenos y Compactación;¿Por qué es importante controlar el espesor de capas de compactación?;Porque una ejecución incorrecta puede causar suelo suelto debajo de una costra dura. La referencia correcta es: No existe uno universal: depende del material y equipo. Debe ser lo bastante delgada para que la compactación alcance toda la capa.
Excavaciones, Rellenos y Compactación;¿Cómo sé si un relleno está bien compactado?;La apariencia no basta. Se verifica el procedimiento y, cuando corresponde, la densidad de campo comparada con la especificación.
Excavaciones, Rellenos y Compactación;¿Existe una medida mínima universal para el control de compactación?;La apariencia no basta. Se verifica el procedimiento y, cuando corresponde, la densidad de campo comparada con la especificación.
Excavaciones, Rellenos y Compactación;¿Cómo se verifica el control de compactación en obra?;La apariencia no basta. Se verifica el procedimiento y, cuando corresponde, la densidad de campo comparada con la especificación. Debe revisarse humedad, pasadas, capas y ensayos.
Excavaciones, Rellenos y Compactación;¿Qué error frecuente se comete con el control de compactación?;El error frecuente es construir sobre relleno sin control. Esto puede causar asentamiento posterior.
Excavaciones, Rellenos y Compactación;¿Qué consecuencias puede tener el error de construir sobre relleno sin control?;Este error puede generar asentamiento posterior. La acción correcta es ensayar o rehacer los sectores deficientes.
Excavaciones, Rellenos y Compactación;¿Por qué es importante controlar el control de compactación?;Porque una ejecución incorrecta puede causar asentamiento posterior. La referencia correcta es: La apariencia no basta. Se verifica el procedimiento y, cuando corresponde, la densidad de campo comparada con la especificación.
Cimientos Corridos;¿Cuál es el ancho mínimo de un cimiento corrido?;El RNE no fija un ancho universal. Se calcula con las cargas, capacidad admisible, asentamientos, profundidad y excentricidad. Valores usuales de manuales son solo referenciales.
Cimientos Corridos;¿Existe una medida mínima universal para el ancho del cimiento corrido?;El RNE no fija un ancho universal. Se calcula con las cargas, capacidad admisible, asentamientos, profundidad y excentricidad. Valores usuales de manuales son solo referenciales.
Cimientos Corridos;¿Cómo se verifica el ancho del cimiento corrido en obra?;El RNE no fija un ancho universal. Se calcula con las cargas, capacidad admisible, asentamientos, profundidad y excentricidad. Valores usuales de manuales son solo referenciales. Debe revisarse plano, ancho real, suelo y centrado del muro.
Cimientos Corridos;¿Qué error frecuente se comete con el ancho del cimiento corrido?;El error frecuente es usar 40 cm para cualquier terreno. Esto puede causar presiones excesivas y asentamiento.
Cimientos Corridos;¿Qué consecuencias puede tener el error de usar 40 cm para cualquier terreno?;Este error puede generar presiones excesivas y asentamiento. La acción correcta es dimensionar con datos del suelo.
Cimientos Corridos;¿Por qué es importante controlar el ancho del cimiento corrido?;Porque una ejecución incorrecta puede causar presiones excesivas y asentamiento. La referencia correcta es: El RNE no fija un ancho universal. Se calcula con las cargas, capacidad admisible, asentamientos, profundidad y excentricidad. Valores usuales de manuales son solo referenciales.
Cimientos Corridos;¿Cuál es la profundidad mínima de un cimiento corrido?;"La E.050 señala que la profundidad de elementos portantes o no portantes no arriostrados lateralmente no debe ser menor de 0.80 m, salvo roca; la profundidad final depende del suelo y del diseño."
Cimientos Corridos;¿Qué establece el RNE sobre la profundidad del cimiento corrido?;"La E.050 señala que la profundidad de elementos portantes o no portantes no arriostrados lateralmente no debe ser menor de 0.80 m, salvo roca; la profundidad final depende del suelo y del diseño."
Cimientos Corridos;¿Cómo se verifica la profundidad del cimiento corrido en obra?;"La E.050 señala que la profundidad de elementos portantes o no portantes no arriostrados lateralmente no debe ser menor de 0.80 m, salvo roca; la profundidad final depende del suelo y del diseño. Debe revisarse cota, estrato de apoyo y condición lateral."
Cimientos Corridos;¿Qué error frecuente se comete con la profundidad del cimiento corrido?;El error frecuente es usar 0.80 m como regla aunque haya relleno. Esto puede causar apoyo sobre suelo débil.
Cimientos Corridos;¿Qué consecuencias puede tener el error de usar 0.80 m como regla aunque haya relleno?;Este error puede generar apoyo sobre suelo débil. La acción correcta es profundizar o cambiar la solución.
Cimientos Corridos;¿Por qué es importante controlar la profundidad del cimiento corrido?;"Porque una ejecución incorrecta puede causar apoyo sobre suelo débil. La referencia correcta es: La E.050 señala que la profundidad de elementos portantes o no portantes no arriostrados lateralmente no debe ser menor de 0.80 m, salvo roca; la profundidad final depende del suelo y del diseño."
Cimientos Corridos;¿Cuál es el peralte mínimo de un cimiento corrido?;No existe un peralte universal. Depende del ancho, cargas, suelo, material, cortante y flexión y debe figurar en el plano.
Cimientos Corridos;¿Existe una medida mínima universal para el peralte del cimiento corrido?;No existe un peralte universal. Depende del ancho, cargas, suelo, material, cortante y flexión y debe figurar en el plano.
Cimientos Corridos;¿Cómo se verifica el peralte del cimiento corrido en obra?;No existe un peralte universal. Depende del ancho, cargas, suelo, material, cortante y flexión y debe figurar en el plano. Debe revisarse altura, ancho y continuidad.
Cimientos Corridos;¿Qué error frecuente se comete con el peralte del cimiento corrido?;El error frecuente es reducir el peralte para ahorrar. Esto puede causar fisuración o corte.
Cimientos Corridos;¿Qué consecuencias puede tener el error de reducir el peralte para ahorrar?;Este error puede generar fisuración o corte. La acción correcta es respetar la sección calculada.
Cimientos Corridos;¿Por qué es importante controlar el peralte del cimiento corrido?;Porque una ejecución incorrecta puede causar fisuración o corte. La referencia correcta es: No existe un peralte universal. Depende del ancho, cargas, suelo, material, cortante y flexión y debe figurar en el plano.
Cimientos Corridos;¿El muro debe quedar centrado sobre el cimiento?;En una condición interior normal debe transmitir su carga de forma compatible con el centro. En linderos la excentricidad requiere una solución diseñada.
Cimientos Corridos;¿Existe una medida mínima universal para el centrado del muro sobre el cimiento?;En una condición interior normal debe transmitir su carga de forma compatible con el centro. En linderos la excentricidad requiere una solución diseñada.
Cimientos Corridos;¿Cómo se verifica el centrado del muro sobre el cimiento en obra?;En una condición interior normal debe transmitir su carga de forma compatible con el centro. En linderos la excentricidad requiere una solución diseñada. Debe revisarse ejes, lindero y dimensiones.
Cimientos Corridos;¿Qué error frecuente se comete con el centrado del muro sobre el cimiento?;El error frecuente es dejar el muro en el borde sin solución. Esto puede causar giro y presión desigual.
Cimientos Corridos;¿Qué consecuencias puede tener el error de dejar el muro en el borde sin solución?;Este error puede generar giro y presión desigual. La acción correcta es rediseñar la cimentación.
Cimientos Corridos;¿Por qué es importante controlar el centrado del muro sobre el cimiento?;Porque una ejecución incorrecta puede causar giro y presión desigual. La referencia correcta es: En una condición interior normal debe transmitir su carga de forma compatible con el centro. En linderos la excentricidad requiere una solución diseñada.
Cimientos Corridos;¿El cimiento debe continuar bajo todo muro portante?;Debe existir una ruta continua de apoyo, salvo interrupciones resueltas estructuralmente. Un muro portante no debe apoyarse solo en relleno o contrapiso.
Cimientos Corridos;¿Existe una medida mínima universal para la continuidad debajo de muros portantes?;Debe existir una ruta continua de apoyo, salvo interrupciones resueltas estructuralmente. Un muro portante no debe apoyarse solo en relleno o contrapiso.
Cimientos Corridos;¿Cómo se verifica la continuidad debajo de muros portantes en obra?;Debe existir una ruta continua de apoyo, salvo interrupciones resueltas estructuralmente. Un muro portante no debe apoyarse solo en relleno o contrapiso. Debe revisarse esquinas, cruces, puertas y cambios de nivel.
Cimientos Corridos;¿Qué error frecuente se comete con la continuidad debajo de muros portantes?;El error frecuente es dejar un tramo de muro sin cimentación. Esto puede causar asentamiento localizado.
Cimientos Corridos;¿Qué consecuencias puede tener el error de dejar un tramo de muro sin cimentación?;Este error puede generar asentamiento localizado. La acción correcta es restituir apoyo continuo.
Cimientos Corridos;¿Por qué es importante controlar la continuidad debajo de muros portantes?;Porque una ejecución incorrecta puede causar asentamiento localizado. La referencia correcta es: Debe existir una ruta continua de apoyo, salvo interrupciones resueltas estructuralmente. Un muro portante no debe apoyarse solo en relleno o contrapiso.
Cimientos Corridos;¿Cómo se hace un cimiento corrido en una pendiente?;Se ejecuta mediante tramos horizontales escalonados y transiciones diseñadas, no siguiendo libremente la pendiente.
Cimientos Corridos;¿Existe una medida mínima universal para los cimientos en terreno inclinado?;Se ejecuta mediante tramos horizontales escalonados y transiciones diseñadas, no siguiendo libremente la pendiente.
Cimientos Corridos;¿Cómo se verifica los cimientos en terreno inclinado en obra?;Se ejecuta mediante tramos horizontales escalonados y transiciones diseñadas, no siguiendo libremente la pendiente. Debe revisarse cotas, escalones y suelo de cada tramo.
Cimientos Corridos;¿Qué error frecuente se comete con los cimientos en terreno inclinado?;El error frecuente es vaciar un cimiento inclinado. Esto puede causar deslizamiento y apoyo irregular.
Cimientos Corridos;¿Qué consecuencias puede tener el error de vaciar un cimiento inclinado?;Este error puede generar deslizamiento y apoyo irregular. La acción correcta es replantear y escalonar.
Cimientos Corridos;¿Por qué es importante controlar los cimientos en terreno inclinado?;Porque una ejecución incorrecta puede causar deslizamiento y apoyo irregular. La referencia correcta es: Se ejecuta mediante tramos horizontales escalonados y transiciones diseñadas, no siguiendo libremente la pendiente.
Cimientos Corridos;¿Se puede colocar cualquier piedra en el cimiento?;No. Debe ser dura, limpia, de tamaño compatible y quedar rodeada de concreto, sin contactos que formen vacíos.
Cimientos Corridos;¿Cuál es la forma correcta de resolver la piedra del concreto ciclópeo en una vivienda autoconstruida?;No. Debe ser dura, limpia, de tamaño compatible y quedar rodeada de concreto, sin contactos que formen vacíos.
Cimientos Corridos;¿Cómo se verifica la piedra del concreto ciclópeo en obra?;No. Debe ser dura, limpia, de tamaño compatible y quedar rodeada de concreto, sin contactos que formen vacíos. Debe revisarse limpieza, tamaño, separación y recubrimiento.
Cimientos Corridos;¿Qué error frecuente se comete con la piedra del concreto ciclópeo?;El error frecuente es arrojar piedras grandes y mezcla aguada. Esto puede causar nidos y discontinuidades.
Cimientos Corridos;¿Qué consecuencias puede tener el error de arrojar piedras grandes y mezcla aguada?;Este error puede generar nidos y discontinuidades. La acción correcta es colocar piedra y concreto de forma controlada.
Cimientos Corridos;¿Por qué es importante controlar la piedra del concreto ciclópeo?;Porque una ejecución incorrecta puede causar nidos y discontinuidades. La referencia correcta es: No. Debe ser dura, limpia, de tamaño compatible y quedar rodeada de concreto, sin contactos que formen vacíos.
Cimientos Corridos;¿Se puede atravesar un cimiento con una tubería?;Solo mediante un pase previsto que no reduzca la sección ni interfiera con acero. No debe picarse después.
Cimientos Corridos;¿Existe una medida mínima universal para el paso de tuberías por el cimiento?;Solo mediante un pase previsto que no reduzca la sección ni interfiera con acero. No debe picarse después.
Cimientos Corridos;¿Cómo se verifica el paso de tuberías por el cimiento en obra?;Solo mediante un pase previsto que no reduzca la sección ni interfiera con acero. No debe picarse después. Debe revisarse ubicación, diámetro, manga y plano.
Cimientos Corridos;¿Qué error frecuente se comete con el paso de tuberías por el cimiento?;El error frecuente es romper el cimiento para pasar el desagüe. Esto puede causar debilitamiento y filtración.
Cimientos Corridos;¿Qué consecuencias puede tener el error de romper el cimiento para pasar el desagüe?;Este error puede generar debilitamiento y filtración. La acción correcta es reubicar o diseñar el pase.
Cimientos Corridos;¿Por qué es importante controlar el paso de tuberías por el cimiento?;Porque una ejecución incorrecta puede causar debilitamiento y filtración. La referencia correcta es: Solo mediante un pase previsto que no reduzca la sección ni interfiera con acero. No debe picarse después.
Cimientos Corridos;¿Desde dónde arrancan los fierros de las columnas de confinamiento?;La E.070 establece que la columna de confinamiento se inicia en el borde superior del cimiento, no encima del sobrecimiento, con barras ancladas en la cimentación.
Cimientos Corridos;¿Qué establece el RNE sobre el arranque de columnas desde la cimentación?;La E.070 establece que la columna de confinamiento se inicia en el borde superior del cimiento, no encima del sobrecimiento, con barras ancladas en la cimentación.
Cimientos Corridos;¿Cómo se verifica el arranque de columnas desde la cimentación en obra?;La E.070 establece que la columna de confinamiento se inicia en el borde superior del cimiento, no encima del sobrecimiento, con barras ancladas en la cimentación. Debe revisarse arranques, anclaje y alineamiento.
Cimientos Corridos;¿Qué error frecuente se comete con el arranque de columnas desde la cimentación?;El error frecuente es iniciar las barras sobre el sobrecimiento. Esto puede causar discontinuidad del confinamiento.
Cimientos Corridos;¿Qué consecuencias puede tener el error de iniciar las barras sobre el sobrecimiento?;Este error puede generar discontinuidad del confinamiento. La acción correcta es corregir antes de levantar el muro.
Cimientos Corridos;¿Por qué es importante controlar el arranque de columnas desde la cimentación?;Porque una ejecución incorrecta puede causar discontinuidad del confinamiento. La referencia correcta es: La E.070 establece que la columna de confinamiento se inicia en el borde superior del cimiento, no encima del sobrecimiento, con barras ancladas en la cimentación.
Sobrecimientos, Pisos y Humedad del Terreno;¿Cuál es el ancho mínimo de un sobrecimiento?;"No existe uno universal. Debe ser compatible con el espesor del muro, apoyo y exposición; el muro no debe quedar fuera de la base."
Sobrecimientos, Pisos y Humedad del Terreno;¿Existe una medida mínima universal para el ancho del sobrecimiento?;"No existe uno universal. Debe ser compatible con el espesor del muro, apoyo y exposición; el muro no debe quedar fuera de la base."
Sobrecimientos, Pisos y Humedad del Terreno;¿Cómo se verifica el ancho del sobrecimiento en obra?;"No existe uno universal. Debe ser compatible con el espesor del muro, apoyo y exposición; el muro no debe quedar fuera de la base. Debe revisarse ancho, eje del muro y continuidad."
Sobrecimientos, Pisos y Humedad del Terreno;¿Qué error frecuente se comete con el ancho del sobrecimiento?;El error frecuente es hacerlo más angosto que el muro. Esto puede causar apoyo excéntrico y fisuras.
Sobrecimientos, Pisos y Humedad del Terreno;¿Qué consecuencias puede tener el error de hacerlo más angosto que el muro?;Este error puede generar apoyo excéntrico y fisuras. La acción correcta es ajustar la sección.
Sobrecimientos, Pisos y Humedad del Terreno;¿Por qué es importante controlar el ancho del sobrecimiento?;"Porque una ejecución incorrecta puede causar apoyo excéntrico y fisuras. La referencia correcta es: No existe uno universal. Debe ser compatible con el espesor del muro, apoyo y exposición; el muro no debe quedar fuera de la base."
Sobrecimientos, Pisos y Humedad del Terreno;¿Qué altura mínima debe sobresalir el sobrecimiento?;No hay una altura única. Debe elevar el muro sobre la humedad y el nivel exterior considerando lluvia, patio, vereda y drenaje.
Sobrecimientos, Pisos y Humedad del Terreno;¿Existe una medida mínima universal para la altura del sobrecimiento?;No hay una altura única. Debe elevar el muro sobre la humedad y el nivel exterior considerando lluvia, patio, vereda y drenaje.
Sobrecimientos, Pisos y Humedad del Terreno;¿Cómo se verifica la altura del sobrecimiento en obra?;No hay una altura única. Debe elevar el muro sobre la humedad y el nivel exterior considerando lluvia, patio, vereda y drenaje. Debe revisarse niveles interior y exterior y riesgo de agua.
Sobrecimientos, Pisos y Humedad del Terreno;¿Qué error frecuente se comete con la altura del sobrecimiento?;El error frecuente es iniciar el ladrillo al nivel del patio. Esto puede causar humedad ascendente y salitre.
Sobrecimientos, Pisos y Humedad del Terreno;¿Qué consecuencias puede tener el error de iniciar el ladrillo al nivel del patio?;Este error puede generar humedad ascendente y salitre. La acción correcta es elevar y proteger la base.
Sobrecimientos, Pisos y Humedad del Terreno;¿Por qué es importante controlar la altura del sobrecimiento?;Porque una ejecución incorrecta puede causar humedad ascendente y salitre. La referencia correcta es: No hay una altura única. Debe elevar el muro sobre la humedad y el nivel exterior considerando lluvia, patio, vereda y drenaje.
Sobrecimientos, Pisos y Humedad del Terreno;¿Debe colocarse una barrera impermeable sobre el sobrecimiento?;Es recomendable cuando hay riesgo de humedad capilar y debe ser continua y compatible, sin interrumpir anclajes ni confinamiento.
Sobrecimientos, Pisos y Humedad del Terreno;¿Cuál es la forma correcta de resolver la barrera contra humedad en una vivienda autoconstruida?;Es recomendable cuando hay riesgo de humedad capilar y debe ser continua y compatible, sin interrumpir anclajes ni confinamiento.
Sobrecimientos, Pisos y Humedad del Terreno;¿Cómo se verifica la barrera contra humedad en obra?;Es recomendable cuando hay riesgo de humedad capilar y debe ser continua y compatible, sin interrumpir anclajes ni confinamiento. Debe revisarse continuidad, encuentros y perforaciones.
Sobrecimientos, Pisos y Humedad del Terreno;¿Qué error frecuente se comete con la barrera contra humedad?;El error frecuente es levantar el muro sobre una base húmeda. Esto puede causar salitre y pintura desprendida.
Sobrecimientos, Pisos y Humedad del Terreno;¿Qué consecuencias puede tener el error de levantar el muro sobre una base húmeda?;Este error puede generar salitre y pintura desprendida. La acción correcta es crear una barrera y eliminar el agua.
Sobrecimientos, Pisos y Humedad del Terreno;¿Por qué es importante controlar la barrera contra humedad?;Porque una ejecución incorrecta puede causar salitre y pintura desprendida. La referencia correcta es: Es recomendable cuando hay riesgo de humedad capilar y debe ser continua y compatible, sin interrumpir anclajes ni confinamiento.
Sobrecimientos, Pisos y Humedad del Terreno;¿Con qué se rellena debajo del falso piso?;Con material seleccionado, estable, sin basura ni materia orgánica, compactado por capas y alrededor de tuberías.
Sobrecimientos, Pisos y Humedad del Terreno;¿Cuál es la forma correcta de resolver el material debajo del falso piso en una vivienda autoconstruida?;Con material seleccionado, estable, sin basura ni materia orgánica, compactado por capas y alrededor de tuberías.
Sobrecimientos, Pisos y Humedad del Terreno;¿Cómo se verifica el material debajo del falso piso en obra?;Con material seleccionado, estable, sin basura ni materia orgánica, compactado por capas y alrededor de tuberías. Debe revisarse material, capas y compactación.
Sobrecimientos, Pisos y Humedad del Terreno;¿Qué error frecuente se comete con el material debajo del falso piso?;El error frecuente es usar desmonte sin compactar. Esto puede causar hundimientos y fisuras.
Sobrecimientos, Pisos y Humedad del Terreno;¿Qué consecuencias puede tener el error de usar desmonte sin compactar?;Este error puede generar hundimientos y fisuras. La acción correcta es retirar y compactar correctamente.
Sobrecimientos, Pisos y Humedad del Terreno;¿Por qué es importante controlar el material debajo del falso piso?;Porque una ejecución incorrecta puede causar hundimientos y fisuras. La referencia correcta es: Con material seleccionado, estable, sin basura ni materia orgánica, compactado por capas y alrededor de tuberías.
Sobrecimientos, Pisos y Humedad del Terreno;¿Cuál es el espesor mínimo de un falso piso?;"No hay un espesor universal. Depende del uso, soporte, cargas, refuerzo, juntas y acabado; no es una losa estructural."
Sobrecimientos, Pisos y Humedad del Terreno;¿Existe una medida mínima universal para el espesor del falso piso?;"No hay un espesor universal. Depende del uso, soporte, cargas, refuerzo, juntas y acabado; no es una losa estructural."
Sobrecimientos, Pisos y Humedad del Terreno;¿Cómo se verifica el espesor del falso piso en obra?;"No hay un espesor universal. Depende del uso, soporte, cargas, refuerzo, juntas y acabado; no es una losa estructural. Debe revisarse plano, espesor, base y juntas."
Sobrecimientos, Pisos y Humedad del Terreno;¿Qué error frecuente se comete con el espesor del falso piso?;El error frecuente es colocar una capa delgada sobre relleno flojo. Esto puede causar fisuración y hundimiento.
Sobrecimientos, Pisos y Humedad del Terreno;¿Qué consecuencias puede tener el error de colocar una capa delgada sobre relleno flojo?;Este error puede generar fisuración y hundimiento. La acción correcta es diseñar el piso y corregir la base.
Sobrecimientos, Pisos y Humedad del Terreno;¿Por qué es importante controlar el espesor del falso piso?;"Porque una ejecución incorrecta puede causar fisuración y hundimiento. La referencia correcta es: No hay un espesor universal. Depende del uso, soporte, cargas, refuerzo, juntas y acabado; no es una losa estructural."
Sobrecimientos, Pisos y Humedad del Terreno;¿Conviene colocar plástico debajo del piso?;Puede ser necesario en terreno húmedo, pero debe especificarse espesor, traslapes, sellos y continuidad. Una lámina rota no sirve.
Sobrecimientos, Pisos y Humedad del Terreno;¿Cuál es la forma correcta de resolver la barrera de vapor bajo el piso en una vivienda autoconstruida?;Puede ser necesario en terreno húmedo, pero debe especificarse espesor, traslapes, sellos y continuidad. Una lámina rota no sirve.
Sobrecimientos, Pisos y Humedad del Terreno;¿Cómo se verifica la barrera de vapor bajo el piso en obra?;Puede ser necesario en terreno húmedo, pero debe especificarse espesor, traslapes, sellos y continuidad. Una lámina rota no sirve. Debe revisarse traslapes, perforaciones y conexión con muros.
Sobrecimientos, Pisos y Humedad del Terreno;¿Qué error frecuente se comete con la barrera de vapor bajo el piso?;El error frecuente es cubrir una lámina dañada. Esto puede causar paso de humedad.
Sobrecimientos, Pisos y Humedad del Terreno;¿Qué consecuencias puede tener el error de cubrir una lámina dañada?;Este error puede generar paso de humedad. La acción correcta es repararla antes de vaciar.
Sobrecimientos, Pisos y Humedad del Terreno;¿Por qué es importante controlar la barrera de vapor bajo el piso?;Porque una ejecución incorrecta puede causar paso de humedad. La referencia correcta es: Puede ser necesario en terreno húmedo, pero debe especificarse espesor, traslapes, sellos y continuidad. Una lámina rota no sirve.
Sobrecimientos, Pisos y Humedad del Terreno;¿El piso interior debe quedar más alto que la vereda?;Debe definirse para impedir ingreso de agua y coordinar desagües y accesibilidad. No existe una diferencia única.
Sobrecimientos, Pisos y Humedad del Terreno;¿Existe una medida mínima universal para el nivel interior respecto de la calle?;Debe definirse para impedir ingreso de agua y coordinar desagües y accesibilidad. No existe una diferencia única.
Sobrecimientos, Pisos y Humedad del Terreno;¿Cómo se verifica el nivel interior respecto de la calle en obra?;Debe definirse para impedir ingreso de agua y coordinar desagües y accesibilidad. No existe una diferencia única. Debe revisarse cotas, pendientes, umbrales y descarga.
Sobrecimientos, Pisos y Humedad del Terreno;¿Qué error frecuente se comete con el nivel interior respecto de la calle?;El error frecuente es dejar el piso por debajo del patio. Esto puede causar inundación y humedad.
Sobrecimientos, Pisos y Humedad del Terreno;¿Qué consecuencias puede tener el error de dejar el piso por debajo del patio?;Este error puede generar inundación y humedad. La acción correcta es replantear niveles y drenaje.
Sobrecimientos, Pisos y Humedad del Terreno;¿Por qué es importante controlar el nivel interior respecto de la calle?;Porque una ejecución incorrecta puede causar inundación y humedad. La referencia correcta es: Debe definirse para impedir ingreso de agua y coordinar desagües y accesibilidad. No existe una diferencia única.
Sobrecimientos, Pisos y Humedad del Terreno;¿Un piso de concreto necesita juntas?;Sí, según dimensiones, forma, restricciones y uso. Deben coordinarse con muros, columnas y acabados.
Sobrecimientos, Pisos y Humedad del Terreno;¿Existe una medida mínima universal para las juntas de pisos de concreto?;Sí, según dimensiones, forma, restricciones y uso. Deben coordinarse con muros, columnas y acabados.
Sobrecimientos, Pisos y Humedad del Terreno;¿Cómo se verifica las juntas de pisos de concreto en obra?;Sí, según dimensiones, forma, restricciones y uso. Deben coordinarse con muros, columnas y acabados. Debe revisarse ubicación, profundidad y continuidad.
Sobrecimientos, Pisos y Humedad del Terreno;¿Qué error frecuente se comete con las juntas de pisos de concreto?;El error frecuente es vaciar una gran superficie sin juntas. Esto puede causar fisuras aleatorias.
Sobrecimientos, Pisos y Humedad del Terreno;¿Qué consecuencias puede tener el error de vaciar una gran superficie sin juntas?;Este error puede generar fisuras aleatorias. La acción correcta es diseñar y ejecutar juntas.
Sobrecimientos, Pisos y Humedad del Terreno;¿Por qué es importante controlar las juntas de pisos de concreto?;Porque una ejecución incorrecta puede causar fisuras aleatorias. La referencia correcta es: Sí, según dimensiones, forma, restricciones y uso. Deben coordinarse con muros, columnas y acabados.
Sobrecimientos, Pisos y Humedad del Terreno;¿Cómo deben colocarse las tuberías debajo del piso?;Con trazado, pendiente o presión verificable, apoyo uniforme, relleno compatible y pruebas antes de cubrir.
Sobrecimientos, Pisos y Humedad del Terreno;¿Cuál es la forma correcta de resolver las tuberías bajo el piso en una vivienda autoconstruida?;Con trazado, pendiente o presión verificable, apoyo uniforme, relleno compatible y pruebas antes de cubrir.
Sobrecimientos, Pisos y Humedad del Terreno;¿Cómo se verifica las tuberías bajo el piso en obra?;Con trazado, pendiente o presión verificable, apoyo uniforme, relleno compatible y pruebas antes de cubrir. Debe revisarse rutas, uniones, pruebas y registros.
Sobrecimientos, Pisos y Humedad del Terreno;¿Qué error frecuente se comete con las tuberías bajo el piso?;El error frecuente es taparlas sin probar. Esto puede causar fugas ocultas y demolición.
Sobrecimientos, Pisos y Humedad del Terreno;¿Qué consecuencias puede tener el error de taparlas sin probar?;Este error puede generar fugas ocultas y demolición. La acción correcta es probar y liberar antes del relleno.
Sobrecimientos, Pisos y Humedad del Terreno;¿Por qué es importante controlar las tuberías bajo el piso?;Porque una ejecución incorrecta puede causar fugas ocultas y demolición. La referencia correcta es: Con trazado, pendiente o presión verificable, apoyo uniforme, relleno compatible y pruebas antes de cubrir.
Concreto en Viviendas de Albañilería;¿Cuál es la resistencia mínima del concreto de columnas y soleras?;La E.070 establece f'c mínimo de 17.15 MPa, aproximadamente 175 kg/cm², para elementos de confinamiento. El proyecto puede exigir más.
Concreto en Viviendas de Albañilería;¿Qué establece el RNE sobre la resistencia del concreto de confinamiento?;La E.070 establece f'c mínimo de 17.15 MPa, aproximadamente 175 kg/cm², para elementos de confinamiento. El proyecto puede exigir más.
Concreto en Viviendas de Albañilería;¿Cómo se verifica la resistencia del concreto de confinamiento en obra?;La E.070 establece f'c mínimo de 17.15 MPa, aproximadamente 175 kg/cm², para elementos de confinamiento. El proyecto puede exigir más. Debe revisarse planos, dosificación, guía o probetas.
Concreto en Viviendas de Albañilería;¿Qué error frecuente se comete con la resistencia del concreto de confinamiento?;El error frecuente es usar mezcla sin control. Esto puede causar columnas y soleras débiles.
Concreto en Viviendas de Albañilería;¿Qué consecuencias puede tener el error de usar mezcla sin control?;Este error puede generar columnas y soleras débiles. La acción correcta es controlar la resistencia especificada.
Concreto en Viviendas de Albañilería;¿Por qué es importante controlar la resistencia del concreto de confinamiento?;Porque una ejecución incorrecta puede causar columnas y soleras débiles. La referencia correcta es: La E.070 establece f'c mínimo de 17.15 MPa, aproximadamente 175 kg/cm², para elementos de confinamiento. El proyecto puede exigir más.
Concreto en Viviendas de Albañilería;¿Todo el concreto debe ser de 210 kg/cm²?;No. Es un valor frecuente, pero cada elemento usa la resistencia de planos. El mínimo de confinamiento de E.070 es 175 kg/cm², no un valor único para toda la obra.
Concreto en Viviendas de Albañilería;¿Existe una medida mínima universal para el uso de concreto de 210 kg/cm²?;No. Es un valor frecuente, pero cada elemento usa la resistencia de planos. El mínimo de confinamiento de E.070 es 175 kg/cm², no un valor único para toda la obra.
Concreto en Viviendas de Albañilería;¿Cómo se verifica el uso de concreto de 210 kg/cm² en obra?;No. Es un valor frecuente, pero cada elemento usa la resistencia de planos. El mínimo de confinamiento de E.070 es 175 kg/cm², no un valor único para toda la obra. Debe revisarse resistencia por elemento y lote.
Concreto en Viviendas de Albañilería;¿Qué error frecuente se comete con el uso de concreto de 210 kg/cm²?;El error frecuente es usar un valor por costumbre. Esto puede causar incumplimiento o gasto innecesario.
Concreto en Viviendas de Albañilería;¿Qué consecuencias puede tener el error de usar un valor por costumbre?;Este error puede generar incumplimiento o gasto innecesario. La acción correcta es seguir las especificaciones.
Concreto en Viviendas de Albañilería;¿Por qué es importante controlar el uso de concreto de 210 kg/cm²?;Porque una ejecución incorrecta puede causar incumplimiento o gasto innecesario. La referencia correcta es: No. Es un valor frecuente, pero cada elemento usa la resistencia de planos. El mínimo de confinamiento de E.070 es 175 kg/cm², no un valor único para toda la obra.
Concreto en Viviendas de Albañilería;¿Se puede agregar agua para que el concreto esté más suelto?;No sin autorización y control. El exceso reduce resistencia y durabilidad y aumenta segregación y fisuras.
Concreto en Viviendas de Albañilería;¿Cuál es la forma correcta de resolver la adición de agua al concreto en una vivienda autoconstruida?;No sin autorización y control. El exceso reduce resistencia y durabilidad y aumenta segregación y fisuras.
Concreto en Viviendas de Albañilería;¿Cómo se verifica la adición de agua al concreto en obra?;No sin autorización y control. El exceso reduce resistencia y durabilidad y aumenta segregación y fisuras. Debe revisarse agua medida, consistencia y tiempo.
Concreto en Viviendas de Albañilería;¿Qué error frecuente se comete con la adición de agua al concreto?;El error frecuente es agregar baldes de agua. Esto puede causar concreto débil y poroso.
Concreto en Viviendas de Albañilería;¿Qué consecuencias puede tener el error de agregar baldes de agua?;Este error puede generar concreto débil y poroso. La acción correcta es ajustar la mezcla o usar aditivo aprobado.
Concreto en Viviendas de Albañilería;¿Por qué es importante controlar la adición de agua al concreto?;Porque una ejecución incorrecta puede causar concreto débil y poroso. La referencia correcta es: No sin autorización y control. El exceso reduce resistencia y durabilidad y aumenta segregación y fisuras.
Concreto en Viviendas de Albañilería;¿Cuál debe ser el slump del concreto?;"No existe uno universal. Depende del elemento, congestión de acero, bombeo y mezcla diseñada; no se corrige con agua informal."
Concreto en Viviendas de Albañilería;¿Existe una medida mínima universal para el slump del concreto?;"No existe uno universal. Depende del elemento, congestión de acero, bombeo y mezcla diseñada; no se corrige con agua informal."
Concreto en Viviendas de Albañilería;¿Cómo se verifica el slump del concreto en obra?;"No existe uno universal. Depende del elemento, congestión de acero, bombeo y mezcla diseñada; no se corrige con agua informal. Debe revisarse ensayo, segregación y pedido."
Concreto en Viviendas de Albañilería;¿Qué error frecuente se comete con el slump del concreto?;El error frecuente es aceptar mezcla muy líquida. Esto puede causar segregación y pérdida de resistencia.
Concreto en Viviendas de Albañilería;¿Qué consecuencias puede tener el error de aceptar mezcla muy líquida?;Este error puede generar segregación y pérdida de resistencia. La acción correcta es verificar la consistencia.
Concreto en Viviendas de Albañilería;¿Por qué es importante controlar el slump del concreto?;"Porque una ejecución incorrecta puede causar segregación y pérdida de resistencia. La referencia correcta es: No existe uno universal. Depende del elemento, congestión de acero, bombeo y mezcla diseñada; no se corrige con agua informal."
Concreto en Viviendas de Albañilería;¿Puedo usar piedra grande en columnas pequeñas?;No. El tamaño debe ser compatible con la sección, separación de barras y recubrimiento para que el concreto llene sin atascarse.
Concreto en Viviendas de Albañilería;¿Existe una medida mínima universal para el tamaño del agregado?;No. El tamaño debe ser compatible con la sección, separación de barras y recubrimiento para que el concreto llene sin atascarse.
Concreto en Viviendas de Albañilería;¿Cómo se verifica el tamaño del agregado en obra?;No. El tamaño debe ser compatible con la sección, separación de barras y recubrimiento para que el concreto llene sin atascarse. Debe revisarse separación libre y tamaño real.
Concreto en Viviendas de Albañilería;¿Qué error frecuente se comete con el tamaño del agregado?;El error frecuente es usar agregado que no pasa entre barras. Esto puede causar cangrejeras y vacíos.
Concreto en Viviendas de Albañilería;¿Qué consecuencias puede tener el error de usar agregado que no pasa entre barras?;Este error puede generar cangrejeras y vacíos. La acción correcta es cambiar la granulometría.
Concreto en Viviendas de Albañilería;¿Por qué es importante controlar el tamaño del agregado?;Porque una ejecución incorrecta puede causar cangrejeras y vacíos. La referencia correcta es: No. El tamaño debe ser compatible con la sección, separación de barras y recubrimiento para que el concreto llene sin atascarse.
Concreto en Viviendas de Albañilería;¿Se puede hacer concreto con arena o piedra con barro?;No. Los agregados deben estar limpios, sin materia orgánica, sales ni exceso de finos.
Concreto en Viviendas de Albañilería;¿Cuál es la forma correcta de resolver la limpieza de los agregados en una vivienda autoconstruida?;No. Los agregados deben estar limpios, sin materia orgánica, sales ni exceso de finos.
Concreto en Viviendas de Albañilería;¿Cómo se verifica la limpieza de los agregados en obra?;No. Los agregados deben estar limpios, sin materia orgánica, sales ni exceso de finos. Debe revisarse barro, polvo, olor y procedencia.
Concreto en Viviendas de Albañilería;¿Qué error frecuente se comete con la limpieza de los agregados?;El error frecuente es usar agregado contaminado. Esto puede causar menor adherencia y resistencia.
Concreto en Viviendas de Albañilería;¿Qué consecuencias puede tener el error de usar agregado contaminado?;Este error puede generar menor adherencia y resistencia. La acción correcta es lavar, ensayar o reemplazar.
Concreto en Viviendas de Albañilería;¿Por qué es importante controlar la limpieza de los agregados?;Porque una ejecución incorrecta puede causar menor adherencia y resistencia. La referencia correcta es: No. Los agregados deben estar limpios, sin materia orgánica, sales ni exceso de finos.
Concreto en Viviendas de Albañilería;¿Se puede preparar concreto con cualquier agua?;"No. Debe ser adecuada y libre de aceites, ácidos, sales o materia orgánica perjudicial; el agua potable suele ser referencia segura."
Concreto en Viviendas de Albañilería;¿Cuál es la forma correcta de resolver el agua de mezclado en una vivienda autoconstruida?;"No. Debe ser adecuada y libre de aceites, ácidos, sales o materia orgánica perjudicial; el agua potable suele ser referencia segura."
Concreto en Viviendas de Albañilería;¿Cómo se verifica el agua de mezclado en obra?;"No. Debe ser adecuada y libre de aceites, ácidos, sales o materia orgánica perjudicial; el agua potable suele ser referencia segura. Debe revisarse olor, color, espuma y procedencia."
Concreto en Viviendas de Albañilería;¿Qué error frecuente se comete con el agua de mezclado?;El error frecuente es usar agua salobre o aceitosa. Esto puede causar corrosión y alteración del fraguado.
Concreto en Viviendas de Albañilería;¿Qué consecuencias puede tener el error de usar agua salobre o aceitosa?;Este error puede generar corrosión y alteración del fraguado. La acción correcta es cambiar la fuente.
Concreto en Viviendas de Albañilería;¿Por qué es importante controlar el agua de mezclado?;"Porque una ejecución incorrecta puede causar corrosión y alteración del fraguado. La referencia correcta es: No. Debe ser adecuada y libre de aceites, ácidos, sales o materia orgánica perjudicial; el agua potable suele ser referencia segura."
Concreto en Viviendas de Albañilería;¿Es necesario vibrar columnas y vigas?;Sí. Debe compactarse por capas para envolver el acero, sin usar el vibrador para desplazar horizontalmente la mezcla.
Concreto en Viviendas de Albañilería;¿Cuál es la forma correcta de resolver el vibrado del concreto en una vivienda autoconstruida?;Sí. Debe compactarse por capas para envolver el acero, sin usar el vibrador para desplazar horizontalmente la mezcla.
Concreto en Viviendas de Albañilería;¿Cómo se verifica el vibrado del concreto en obra?;Sí. Debe compactarse por capas para envolver el acero, sin usar el vibrador para desplazar horizontalmente la mezcla. Debe revisarse equipo, penetración y ausencia de vacíos.
Concreto en Viviendas de Albañilería;¿Qué error frecuente se comete con el vibrado del concreto?;El error frecuente es solo golpear el encofrado. Esto puede causar cangrejeras y baja adherencia.
Concreto en Viviendas de Albañilería;¿Qué consecuencias puede tener el error de solo golpear el encofrado?;Este error puede generar cangrejeras y baja adherencia. La acción correcta es vibrar con técnica adecuada.
Concreto en Viviendas de Albañilería;¿Por qué es importante controlar el vibrado del concreto?;Porque una ejecución incorrecta puede causar cangrejeras y baja adherencia. La referencia correcta es: Sí. Debe compactarse por capas para envolver el acero, sin usar el vibrador para desplazar horizontalmente la mezcla.
Concreto en Viviendas de Albañilería;¿Cuántos días debe curarse el concreto?;En concreto convencional es frecuente un mínimo de siete días de curado continuo, salvo que cemento, clima o especificación exijan más.
Concreto en Viviendas de Albañilería;¿Cuál es la forma correcta de resolver el curado del concreto en una vivienda autoconstruida?;En concreto convencional es frecuente un mínimo de siete días de curado continuo, salvo que cemento, clima o especificación exijan más.
Concreto en Viviendas de Albañilería;¿Cómo se verifica el curado del concreto en obra?;En concreto convencional es frecuente un mínimo de siete días de curado continuo, salvo que cemento, clima o especificación exijan más. Debe revisarse inicio, continuidad y humedad.
Concreto en Viviendas de Albañilería;¿Qué error frecuente se comete con el curado del concreto?;El error frecuente es dejar secar los primeros días. Esto puede causar fisuras y menor resistencia.
Concreto en Viviendas de Albañilería;¿Qué consecuencias puede tener el error de dejar secar los primeros días?;Este error puede generar fisuras y menor resistencia. La acción correcta es mantener el curado indicado.
Concreto en Viviendas de Albañilería;¿Por qué es importante controlar el curado del concreto?;Porque una ejecución incorrecta puede causar fisuras y menor resistencia. La referencia correcta es: En concreto convencional es frecuente un mínimo de siete días de curado continuo, salvo que cemento, clima o especificación exijan más.
Acero de Refuerzo y Recubrimientos;¿Cuál es el diámetro mínimo de fierro para una columna?;No existe uno universal. Cantidad y diámetro dependen de cargas, altura, sismo y sección y deben aparecer en planos.
Acero de Refuerzo y Recubrimientos;¿Existe una medida mínima universal para el diámetro de barras de columnas?;No existe uno universal. Cantidad y diámetro dependen de cargas, altura, sismo y sección y deben aparecer en planos.
Acero de Refuerzo y Recubrimientos;¿Cómo se verifica el diámetro de barras de columnas en obra?;No existe uno universal. Cantidad y diámetro dependen de cargas, altura, sismo y sección y deben aparecer en planos. Debe revisarse número, diámetro y continuidad.
Acero de Refuerzo y Recubrimientos;¿Qué error frecuente se comete con el diámetro de barras de columnas?;El error frecuente es usar cuatro barras elegidas por costumbre. Esto puede causar capacidad insuficiente.
Acero de Refuerzo y Recubrimientos;¿Qué consecuencias puede tener el error de usar cuatro barras elegidas por costumbre?;Este error puede generar capacidad insuficiente. La acción correcta es usar el armado calculado.
Acero de Refuerzo y Recubrimientos;¿Por qué es importante controlar el diámetro de barras de columnas?;Porque una ejecución incorrecta puede causar capacidad insuficiente. La referencia correcta es: No existe uno universal. Cantidad y diámetro dependen de cargas, altura, sismo y sección y deben aparecer en planos.
Acero de Refuerzo y Recubrimientos;¿Cada cuánto van los estribos de una columna?;Depende del diseño y suele ser menor en extremos y nudos. No existe una separación universal.
Acero de Refuerzo y Recubrimientos;¿Existe una medida mínima universal para la separación de estribos?;Depende del diseño y suele ser menor en extremos y nudos. No existe una separación universal.
Acero de Refuerzo y Recubrimientos;¿Cómo se verifica la separación de estribos en obra?;Depende del diseño y suele ser menor en extremos y nudos. No existe una separación universal. Debe revisarse diámetro, separación por zonas y ganchos.
Acero de Refuerzo y Recubrimientos;¿Qué error frecuente se comete con la separación de estribos?;El error frecuente es poner todos muy separados. Esto puede causar pandeo de barras y falla frágil.
Acero de Refuerzo y Recubrimientos;¿Qué consecuencias puede tener el error de poner todos muy separados?;Este error puede generar pandeo de barras y falla frágil. La acción correcta es corregir según el detalle.
Acero de Refuerzo y Recubrimientos;¿Por qué es importante controlar la separación de estribos?;Porque una ejecución incorrecta puede causar pandeo de barras y falla frágil. La referencia correcta es: Depende del diseño y suele ser menor en extremos y nudos. No existe una separación universal.
Acero de Refuerzo y Recubrimientos;¿Cuánto debe medir el traslape del fierro?;"Depende del diámetro, concreto, recubrimiento, confinamiento y esfuerzo. Debe indicarse en plano; no hay una sola medida."
Acero de Refuerzo y Recubrimientos;¿Existe una medida mínima universal para la longitud de traslape?;"Depende del diámetro, concreto, recubrimiento, confinamiento y esfuerzo. Debe indicarse en plano; no hay una sola medida."
Acero de Refuerzo y Recubrimientos;¿Cómo se verifica la longitud de traslape en obra?;"Depende del diámetro, concreto, recubrimiento, confinamiento y esfuerzo. Debe indicarse en plano; no hay una sola medida. Debe revisarse longitud, zona y barras simultáneas."
Acero de Refuerzo y Recubrimientos;¿Qué error frecuente se comete con la longitud de traslape?;El error frecuente es usar el mismo traslape corto. Esto puede causar deslizamiento y pérdida de continuidad.
Acero de Refuerzo y Recubrimientos;¿Qué consecuencias puede tener el error de usar el mismo traslape corto?;Este error puede generar deslizamiento y pérdida de continuidad. La acción correcta es seguir o recalcular el empalme.
Acero de Refuerzo y Recubrimientos;¿Por qué es importante controlar la longitud de traslape?;"Porque una ejecución incorrecta puede causar deslizamiento y pérdida de continuidad. La referencia correcta es: Depende del diámetro, concreto, recubrimiento, confinamiento y esfuerzo. Debe indicarse en plano; no hay una sola medida."
Acero de Refuerzo y Recubrimientos;¿Se pueden traslapar todas las barras en la misma altura?;"No sin que el diseño lo permita. Concentrar empalmes crea una zona débil; normalmente se alternan o confinan."
Acero de Refuerzo y Recubrimientos;¿Existe una medida mínima universal para los traslapes en una misma sección?;"No sin que el diseño lo permita. Concentrar empalmes crea una zona débil; normalmente se alternan o confinan."
Acero de Refuerzo y Recubrimientos;¿Cómo se verifica los traslapes en una misma sección en obra?;"No sin que el diseño lo permita. Concentrar empalmes crea una zona débil; normalmente se alternan o confinan. Debe revisarse altura, porcentaje y estribos."
Acero de Refuerzo y Recubrimientos;¿Qué error frecuente se comete con los traslapes en una misma sección?;El error frecuente es empalmar todas juntas. Esto puede causar concentración de deformación.
Acero de Refuerzo y Recubrimientos;¿Qué consecuencias puede tener el error de empalmar todas juntas?;Este error puede generar concentración de deformación. La acción correcta es redistribuir según plano.
Acero de Refuerzo y Recubrimientos;¿Por qué es importante controlar los traslapes en una misma sección?;"Porque una ejecución incorrecta puede causar concentración de deformación. La referencia correcta es: No sin que el diseño lo permita. Concentrar empalmes crea una zona débil; normalmente se alternan o confinan."
Acero de Refuerzo y Recubrimientos;¿Cuál es el recubrimiento en columnas y soleras tarrajeadas?;"La E.070 establece 2 cm medidos al estribo cuando el muro será tarrajeado; la exposición o el proyecto pueden exigir más."
Acero de Refuerzo y Recubrimientos;¿Qué establece el RNE sobre el recubrimiento de confinamientos tarrajeados?;"La E.070 establece 2 cm medidos al estribo cuando el muro será tarrajeado; la exposición o el proyecto pueden exigir más."
Acero de Refuerzo y Recubrimientos;¿Cómo se verifica el recubrimiento de confinamientos tarrajeados en obra?;"La E.070 establece 2 cm medidos al estribo cuando el muro será tarrajeado; la exposición o el proyecto pueden exigir más. Debe revisarse distancia al estribo y separadores."
Acero de Refuerzo y Recubrimientos;¿Qué error frecuente se comete con el recubrimiento de confinamientos tarrajeados?;El error frecuente es pegar el estribo al encofrado. Esto puede causar corrosión y desprendimiento.
Acero de Refuerzo y Recubrimientos;¿Qué consecuencias puede tener el error de pegar el estribo al encofrado?;Este error puede generar corrosión y desprendimiento. La acción correcta es reposicionar el acero.
Acero de Refuerzo y Recubrimientos;¿Por qué es importante controlar el recubrimiento de confinamientos tarrajeados?;"Porque una ejecución incorrecta puede causar corrosión y desprendimiento. La referencia correcta es: La E.070 establece 2 cm medidos al estribo cuando el muro será tarrajeado; la exposición o el proyecto pueden exigir más."
Acero de Refuerzo y Recubrimientos;¿Cuál es el recubrimiento en columnas y soleras caravista?;La E.070 establece 3 cm medidos al estribo cuando el elemento quedará caravista.
Acero de Refuerzo y Recubrimientos;¿Qué establece el RNE sobre el recubrimiento de confinamientos caravista?;La E.070 establece 3 cm medidos al estribo cuando el elemento quedará caravista.
Acero de Refuerzo y Recubrimientos;¿Cómo se verifica el recubrimiento de confinamientos caravista en obra?;La E.070 establece 3 cm medidos al estribo cuando el elemento quedará caravista. Debe revisarse distancia, acabado y exposición.
Acero de Refuerzo y Recubrimientos;¿Qué error frecuente se comete con el recubrimiento de confinamientos caravista?;El error frecuente es dejar menos de 3 cm. Esto puede causar corrosión temprana.
Acero de Refuerzo y Recubrimientos;¿Qué consecuencias puede tener el error de dejar menos de 3 cm?;Este error puede generar corrosión temprana. La acción correcta es usar separadores adecuados.
Acero de Refuerzo y Recubrimientos;¿Por qué es importante controlar el recubrimiento de confinamientos caravista?;Porque una ejecución incorrecta puede causar corrosión temprana. La referencia correcta es: La E.070 establece 3 cm medidos al estribo cuando el elemento quedará caravista.
Acero de Refuerzo y Recubrimientos;¿Cuánto recubrimiento necesita el acero vaciado contra tierra?;La E.060 establece 75 mm para concreto colocado y permanentemente expuesto contra el suelo.
Acero de Refuerzo y Recubrimientos;¿Qué establece el RNE sobre el recubrimiento contra el suelo?;La E.060 establece 75 mm para concreto colocado y permanentemente expuesto contra el suelo.
Acero de Refuerzo y Recubrimientos;¿Cómo se verifica el recubrimiento contra el suelo en obra?;La E.060 establece 75 mm para concreto colocado y permanentemente expuesto contra el suelo. Debe revisarse separación inferior y lateral.
Acero de Refuerzo y Recubrimientos;¿Qué error frecuente se comete con el recubrimiento contra el suelo?;El error frecuente es apoyar el acero en tierra. Esto puede causar corrosión y falta de adherencia.
Acero de Refuerzo y Recubrimientos;¿Qué consecuencias puede tener el error de apoyar el acero en tierra?;Este error puede generar corrosión y falta de adherencia. La acción correcta es asegurar 75 mm.
Acero de Refuerzo y Recubrimientos;¿Por qué es importante controlar el recubrimiento contra el suelo?;Porque una ejecución incorrecta puede causar corrosión y falta de adherencia. La referencia correcta es: La E.060 establece 75 mm para concreto colocado y permanentemente expuesto contra el suelo.
Acero de Refuerzo y Recubrimientos;¿Se pueden usar ladrillos rotos como separadores?;"No es recomendable. Deben ser estables, resistentes y de la dimensión exacta; los trozos absorben agua y se mueven."
Acero de Refuerzo y Recubrimientos;¿Cuál es la forma correcta de resolver los separadores de acero en una vivienda autoconstruida?;"No es recomendable. Deben ser estables, resistentes y de la dimensión exacta; los trozos absorben agua y se mueven."
Acero de Refuerzo y Recubrimientos;¿Cómo se verifica los separadores de acero en obra?;"No es recomendable. Deben ser estables, resistentes y de la dimensión exacta; los trozos absorben agua y se mueven. Debe revisarse tipo, altura y estabilidad."
Acero de Refuerzo y Recubrimientos;¿Qué error frecuente se comete con los separadores de acero?;El error frecuente es apoyar el acero en piedras sueltas. Esto puede causar recubrimiento irregular.
Acero de Refuerzo y Recubrimientos;¿Qué consecuencias puede tener el error de apoyar el acero en piedras sueltas?;Este error puede generar recubrimiento irregular. La acción correcta es usar separadores adecuados.
Acero de Refuerzo y Recubrimientos;¿Por qué es importante controlar los separadores de acero?;"Porque una ejecución incorrecta puede causar recubrimiento irregular. La referencia correcta es: No es recomendable. Deben ser estables, resistentes y de la dimensión exacta; los trozos absorben agua y se mueven."
Acero de Refuerzo y Recubrimientos;¿Se puede usar fierro oxidado?;La oxidación superficial puede limpiarse si no hay pérdida de sección ni picaduras. El acero con escamas o diámetro reducido debe rechazarse o evaluarse.
Acero de Refuerzo y Recubrimientos;¿Cuál es la forma correcta de resolver el acero oxidado en una vivienda autoconstruida?;La oxidación superficial puede limpiarse si no hay pérdida de sección ni picaduras. El acero con escamas o diámetro reducido debe rechazarse o evaluarse.
Acero de Refuerzo y Recubrimientos;¿Cómo se verifica el acero oxidado en obra?;La oxidación superficial puede limpiarse si no hay pérdida de sección ni picaduras. El acero con escamas o diámetro reducido debe rechazarse o evaluarse. Debe revisarse diámetro, picaduras y escamas.
Acero de Refuerzo y Recubrimientos;¿Qué error frecuente se comete con el acero oxidado?;El error frecuente es usar barras con pérdida visible. Esto puede causar menor capacidad.
Acero de Refuerzo y Recubrimientos;¿Qué consecuencias puede tener el error de usar barras con pérdida visible?;Este error puede generar menor capacidad. La acción correcta es reemplazar el acero comprometido.
Acero de Refuerzo y Recubrimientos;¿Por qué es importante controlar el acero oxidado?;Porque una ejecución incorrecta puede causar menor capacidad. La referencia correcta es: La oxidación superficial puede limpiarse si no hay pérdida de sección ni picaduras. El acero con escamas o diámetro reducido debe rechazarse o evaluarse.
Ladrillos y Unidades de Albañilería;¿Se puede usar ladrillo pandereta en un muro portante?;No. Es una unidad para tabiques o usos no estructurales y no debe formar los muros principales de albañilería confinada.
Ladrillos y Unidades de Albañilería;¿Qué establece el RNE sobre el ladrillo pandereta en muros portantes?;No. Es una unidad para tabiques o usos no estructurales y no debe formar los muros principales de albañilería confinada.
Ladrillos y Unidades de Albañilería;¿Cómo se verifica el ladrillo pandereta en muros portantes en obra?;No. Es una unidad para tabiques o usos no estructurales y no debe formar los muros principales de albañilería confinada. Debe revisarse tipo de unidad y función del muro.
Ladrillos y Unidades de Albañilería;¿Qué error frecuente se comete con el ladrillo pandereta en muros portantes?;El error frecuente es construir muros principales con pandereta. Esto puede causar fragilidad y mal desempeño sísmico.
Ladrillos y Unidades de Albañilería;¿Qué consecuencias puede tener el error de construir muros principales con pandereta?;Este error puede generar fragilidad y mal desempeño sísmico. La acción correcta es usar una unidad portante.
Ladrillos y Unidades de Albañilería;¿Por qué es importante controlar el ladrillo pandereta en muros portantes?;Porque una ejecución incorrecta puede causar fragilidad y mal desempeño sísmico. La referencia correcta es: No. Es una unidad para tabiques o usos no estructurales y no debe formar los muros principales de albañilería confinada.
Ladrillos y Unidades de Albañilería;¿Se puede construir tres pisos con ladrillo artesanal?;"La E.070 limita las unidades artesanales según sismicidad y altura. En varios pisos se requiere unidad clasificada, ensayos y diseño; no cualquier ladrillo artesanal."
Ladrillos y Unidades de Albañilería;¿Qué establece el RNE sobre el ladrillo artesanal en varios pisos?;"La E.070 limita las unidades artesanales según sismicidad y altura. En varios pisos se requiere unidad clasificada, ensayos y diseño; no cualquier ladrillo artesanal."
Ladrillos y Unidades de Albañilería;¿Cómo se verifica el ladrillo artesanal en varios pisos en obra?;"La E.070 limita las unidades artesanales según sismicidad y altura. En varios pisos se requiere unidad clasificada, ensayos y diseño; no cualquier ladrillo artesanal. Debe revisarse clasificación, resistencia y número de pisos."
Ladrillos y Unidades de Albañilería;¿Qué error frecuente se comete con el ladrillo artesanal en varios pisos?;El error frecuente es usar artesanal sin ensayos. Esto puede causar muros débiles.
Ladrillos y Unidades de Albañilería;¿Qué consecuencias puede tener el error de usar artesanal sin ensayos?;Este error puede generar muros débiles. La acción correcta es usar unidades conformes.
Ladrillos y Unidades de Albañilería;¿Por qué es importante controlar el ladrillo artesanal en varios pisos?;"Porque una ejecución incorrecta puede causar muros débiles. La referencia correcta es: La E.070 limita las unidades artesanales según sismicidad y altura. En varios pisos se requiere unidad clasificada, ensayos y diseño; no cualquier ladrillo artesanal."
Ladrillos y Unidades de Albañilería;¿Cómo sé si un ladrillo sirve para muro portante?;Debe ser una unidad estructural con geometría, resistencia y porcentaje de vacíos compatibles con la E.070 y datos o ensayos del fabricante.
Ladrillos y Unidades de Albañilería;¿Existe una medida mínima universal para la identificación de una unidad portante?;Debe ser una unidad estructural con geometría, resistencia y porcentaje de vacíos compatibles con la E.070 y datos o ensayos del fabricante.
Ladrillos y Unidades de Albañilería;¿Cómo se verifica la identificación de una unidad portante en obra?;Debe ser una unidad estructural con geometría, resistencia y porcentaje de vacíos compatibles con la E.070 y datos o ensayos del fabricante. Debe revisarse marca, ficha, dimensiones y ensayos.
Ladrillos y Unidades de Albañilería;¿Qué error frecuente se comete con la identificación de una unidad portante?;El error frecuente es elegirlo solo porque parece duro. Esto puede causar unidad inadecuada.
Ladrillos y Unidades de Albañilería;¿Qué consecuencias puede tener el error de elegirlo solo porque parece duro?;Este error puede generar unidad inadecuada. La acción correcta es exigir clasificación y trazabilidad.
Ladrillos y Unidades de Albañilería;¿Por qué es importante controlar la identificación de una unidad portante?;Porque una ejecución incorrecta puede causar unidad inadecuada. La referencia correcta es: Debe ser una unidad estructural con geometría, resistencia y porcentaje de vacíos compatibles con la E.070 y datos o ensayos del fabricante.
Ladrillos y Unidades de Albañilería;¿Cuántos días debe tener un bloque de concreto antes de usarlo?;La E.070 exige que las unidades de concreto tengan por lo menos 28 días de edad.
Ladrillos y Unidades de Albañilería;¿Qué establece el RNE sobre la edad de bloques de concreto?;La E.070 exige que las unidades de concreto tengan por lo menos 28 días de edad.
Ladrillos y Unidades de Albañilería;¿Cómo se verifica la edad de bloques de concreto en obra?;La E.070 exige que las unidades de concreto tengan por lo menos 28 días de edad. Debe revisarse fecha de fabricación y lote.
Ladrillos y Unidades de Albañilería;¿Qué error frecuente se comete con la edad de bloques de concreto?;El error frecuente es usar bloques recién fabricados. Esto puede causar retracción y fisuras.
Ladrillos y Unidades de Albañilería;¿Qué consecuencias puede tener el error de usar bloques recién fabricados?;Este error puede generar retracción y fisuras. La acción correcta es esperar 28 días.
Ladrillos y Unidades de Albañilería;¿Por qué es importante controlar la edad de bloques de concreto?;Porque una ejecución incorrecta puede causar retracción y fisuras. La referencia correcta es: La E.070 exige que las unidades de concreto tengan por lo menos 28 días de edad.
Ladrillos y Unidades de Albañilería;¿Los ladrillos deben mojarse antes de asentarlos?;Las unidades de arcilla deben acondicionarse según su absorción: no polvorientas y secas ni saturadas chorreando.
Ladrillos y Unidades de Albañilería;¿Cuál es la forma correcta de resolver el humedecimiento de ladrillos en una vivienda autoconstruida?;Las unidades de arcilla deben acondicionarse según su absorción: no polvorientas y secas ni saturadas chorreando.
Ladrillos y Unidades de Albañilería;¿Cómo se verifica el humedecimiento de ladrillos en obra?;Las unidades de arcilla deben acondicionarse según su absorción: no polvorientas y secas ni saturadas chorreando. Debe revisarse absorción y humedad superficial.
Ladrillos y Unidades de Albañilería;¿Qué error frecuente se comete con el humedecimiento de ladrillos?;El error frecuente es asentar ladrillo totalmente seco. Esto puede causar mala adherencia.
Ladrillos y Unidades de Albañilería;¿Qué consecuencias puede tener el error de asentar ladrillo totalmente seco?;Este error puede generar mala adherencia. La acción correcta es humedecer uniformemente.
Ladrillos y Unidades de Albañilería;¿Por qué es importante controlar el humedecimiento de ladrillos?;Porque una ejecución incorrecta puede causar mala adherencia. La referencia correcta es: Las unidades de arcilla deben acondicionarse según su absorción: no polvorientas y secas ni saturadas chorreando.
Ladrillos y Unidades de Albañilería;¿Se pueden usar ladrillos fisurados en un muro portante?;Las unidades fisuradas, muy despostilladas o deformadas deben separarse. Los cortes se hacen limpiamente.
Ladrillos y Unidades de Albañilería;¿Cuál es la forma correcta de resolver los ladrillos rajados en una vivienda autoconstruida?;Las unidades fisuradas, muy despostilladas o deformadas deben separarse. Los cortes se hacen limpiamente.
Ladrillos y Unidades de Albañilería;¿Cómo se verifica los ladrillos rajados en obra?;Las unidades fisuradas, muy despostilladas o deformadas deben separarse. Los cortes se hacen limpiamente. Debe revisarse fisuras, aristas y alabeo.
Ladrillos y Unidades de Albañilería;¿Qué error frecuente se comete con los ladrillos rajados?;El error frecuente es rellenar hiladas con fragmentos. Esto puede causar pérdida de área resistente.
Ladrillos y Unidades de Albañilería;¿Qué consecuencias puede tener el error de rellenar hiladas con fragmentos?;Este error puede generar pérdida de área resistente. La acción correcta es reemplazar unidades defectuosas.
Ladrillos y Unidades de Albañilería;¿Por qué es importante controlar los ladrillos rajados?;Porque una ejecución incorrecta puede causar pérdida de área resistente. La referencia correcta es: Las unidades fisuradas, muy despostilladas o deformadas deben separarse. Los cortes se hacen limpiamente.
Ladrillos y Unidades de Albañilería;¿Importa que los ladrillos tengan tamaños diferentes?;Sí. Variaciones grandes obligan a juntas gruesas y dificultan plomo y regularidad.
Ladrillos y Unidades de Albañilería;¿Cuál es la forma correcta de resolver la uniformidad de ladrillos en una vivienda autoconstruida?;Sí. Variaciones grandes obligan a juntas gruesas y dificultan plomo y regularidad.
Ladrillos y Unidades de Albañilería;¿Cómo se verifica la uniformidad de ladrillos en obra?;Sí. Variaciones grandes obligan a juntas gruesas y dificultan plomo y regularidad. Debe revisarse largo, ancho, alto y alabeo.
Ladrillos y Unidades de Albañilería;¿Qué error frecuente se comete con la uniformidad de ladrillos?;El error frecuente es mezclar tamaños muy distintos. Esto puede causar juntas fuera de rango.
Ladrillos y Unidades de Albañilería;¿Qué consecuencias puede tener el error de mezclar tamaños muy distintos?;Este error puede generar juntas fuera de rango. La acción correcta es clasificar o rechazar el lote.
Ladrillos y Unidades de Albañilería;¿Por qué es importante controlar la uniformidad de ladrillos?;Porque una ejecución incorrecta puede causar juntas fuera de rango. La referencia correcta es: Sí. Variaciones grandes obligan a juntas gruesas y dificultan plomo y regularidad.
Ladrillos y Unidades de Albañilería;¿Se pueden mezclar ladrillos distintos en un mismo muro?;No sin diseño. Diferencias de altura, rigidez, absorción y resistencia producen un muro no uniforme.
Ladrillos y Unidades de Albañilería;¿Cuál es la forma correcta de resolver la mezcla de tipos de ladrillo en una vivienda autoconstruida?;No sin diseño. Diferencias de altura, rigidez, absorción y resistencia producen un muro no uniforme.
Ladrillos y Unidades de Albañilería;¿Cómo se verifica la mezcla de tipos de ladrillo en obra?;No sin diseño. Diferencias de altura, rigidez, absorción y resistencia producen un muro no uniforme. Debe revisarse tipo, marca y distribución.
Ladrillos y Unidades de Albañilería;¿Qué error frecuente se comete con la mezcla de tipos de ladrillo?;El error frecuente es mezclar pandereta, artesanal e industrial. Esto puede causar fisuras y zonas débiles.
Ladrillos y Unidades de Albañilería;¿Qué consecuencias puede tener el error de mezclar pandereta, artesanal e industrial?;Este error puede generar fisuras y zonas débiles. La acción correcta es usar un sistema uniforme.
Ladrillos y Unidades de Albañilería;¿Por qué es importante controlar la mezcla de tipos de ladrillo?;Porque una ejecución incorrecta puede causar fisuras y zonas débiles. La referencia correcta es: No sin diseño. Diferencias de altura, rigidez, absorción y resistencia producen un muro no uniforme.
Ladrillos y Unidades de Albañilería;¿Se puede colocar un ladrillo portante de costado?;No debe cambiarse la orientación prevista. Modifica espesor, área neta, trabazón y resistencia.
Ladrillos y Unidades de Albañilería;¿Cuál es la forma correcta de resolver la orientación del ladrillo en una vivienda autoconstruida?;No debe cambiarse la orientación prevista. Modifica espesor, área neta, trabazón y resistencia.
Ladrillos y Unidades de Albañilería;¿Cómo se verifica la orientación del ladrillo en obra?;No debe cambiarse la orientación prevista. Modifica espesor, área neta, trabazón y resistencia. Debe revisarse orientación de perforaciones y aparejo.
Ladrillos y Unidades de Albañilería;¿Qué error frecuente se comete con la orientación del ladrillo?;El error frecuente es girar unidades para ahorrar. Esto puede causar muro fuera de especificación.
Ladrillos y Unidades de Albañilería;¿Qué consecuencias puede tener el error de girar unidades para ahorrar?;Este error puede generar muro fuera de especificación. La acción correcta es reconstruir correctamente.
Ladrillos y Unidades de Albañilería;¿Por qué es importante controlar la orientación del ladrillo?;Porque una ejecución incorrecta puede causar muro fuera de especificación. La referencia correcta es: No debe cambiarse la orientación prevista. Modifica espesor, área neta, trabazón y resistencia.
Morteros y Juntas de Albañilería;¿Cuál es el espesor mínimo y máximo de la junta de mortero?;La E.070 establece, como regla general, mínimo 10 mm y máximo 15 mm.
Morteros y Juntas de Albañilería;¿Qué establece el RNE sobre el espesor de juntas?;La E.070 establece, como regla general, mínimo 10 mm y máximo 15 mm.
Morteros y Juntas de Albañilería;¿Cómo se verifica el espesor de juntas en obra?;La E.070 establece, como regla general, mínimo 10 mm y máximo 15 mm. Debe revisarse juntas horizontales y verticales.
Morteros y Juntas de Albañilería;¿Qué error frecuente se comete con el espesor de juntas?;El error frecuente es hacer juntas de 5 mm o 20 mm. Esto puede causar mala adherencia y retracción.
Morteros y Juntas de Albañilería;¿Qué consecuencias puede tener el error de hacer juntas de 5 mm o 20 mm?;Este error puede generar mala adherencia y retracción. La acción correcta es reconstruir tramos fuera de rango.
Morteros y Juntas de Albañilería;¿Por qué es importante controlar el espesor de juntas?;Porque una ejecución incorrecta puede causar mala adherencia y retracción. La referencia correcta es: La E.070 establece, como regla general, mínimo 10 mm y máximo 15 mm.
Morteros y Juntas de Albañilería;¿Es obligatorio llenar las juntas verticales?;Sí. Deben quedar completamente llenas, salvo un sistema específicamente diseñado de otra manera.
Morteros y Juntas de Albañilería;¿Qué establece el RNE sobre las juntas verticales llenas?;Sí. Deben quedar completamente llenas, salvo un sistema específicamente diseñado de otra manera.
Morteros y Juntas de Albañilería;¿Cómo se verifica las juntas verticales llenas en obra?;Sí. Deben quedar completamente llenas, salvo un sistema específicamente diseñado de otra manera. Debe revisarse llenado visible en ambas caras.
Morteros y Juntas de Albañilería;¿Qué error frecuente se comete con las juntas verticales llenas?;El error frecuente es poner mortero solo horizontal. Esto puede causar filtraciones y menor resistencia.
Morteros y Juntas de Albañilería;¿Qué consecuencias puede tener el error de poner mortero solo horizontal?;Este error puede generar filtraciones y menor resistencia. La acción correcta es llenar durante el asentado.
Morteros y Juntas de Albañilería;¿Por qué es importante controlar las juntas verticales llenas?;Porque una ejecución incorrecta puede causar filtraciones y menor resistencia. La referencia correcta es: Sí. Deben quedar completamente llenas, salvo un sistema específicamente diseñado de otra manera.
Morteros y Juntas de Albañilería;¿Cuál es la dosificación del mortero P1?;La E.070 indica 1 parte de cemento, 0 a 1/4 de cal y 3 a 3.5 partes de arena, por volumen.
Morteros y Juntas de Albañilería;¿Qué establece el RNE sobre la dosificación de mortero P1?;La E.070 indica 1 parte de cemento, 0 a 1/4 de cal y 3 a 3.5 partes de arena, por volumen.
Morteros y Juntas de Albañilería;¿Cómo se verifica la dosificación de mortero P1 en obra?;La E.070 indica 1 parte de cemento, 0 a 1/4 de cal y 3 a 3.5 partes de arena, por volumen. Debe revisarse recipientes, proporciones y agua.
Morteros y Juntas de Albañilería;¿Qué error frecuente se comete con la dosificación de mortero P1?;El error frecuente es medir a paladas. Esto puede causar variación de resistencia.
Morteros y Juntas de Albañilería;¿Qué consecuencias puede tener el error de medir a paladas?;Este error puede generar variación de resistencia. La acción correcta es usar recipientes uniformes.
Morteros y Juntas de Albañilería;¿Por qué es importante controlar la dosificación de mortero P1?;Porque una ejecución incorrecta puede causar variación de resistencia. La referencia correcta es: La E.070 indica 1 parte de cemento, 0 a 1/4 de cal y 3 a 3.5 partes de arena, por volumen.
Morteros y Juntas de Albañilería;¿Cuál es la dosificación del mortero P2?;La E.070 indica 1 parte de cemento, 0 a 1/2 de cal y 4 a 5 partes de arena, por volumen.
Morteros y Juntas de Albañilería;¿Qué establece el RNE sobre la dosificación de mortero P2?;La E.070 indica 1 parte de cemento, 0 a 1/2 de cal y 4 a 5 partes de arena, por volumen.
Morteros y Juntas de Albañilería;¿Cómo se verifica la dosificación de mortero P2 en obra?;La E.070 indica 1 parte de cemento, 0 a 1/2 de cal y 4 a 5 partes de arena, por volumen. Debe revisarse tipo especificado y medición.
Morteros y Juntas de Albañilería;¿Qué error frecuente se comete con la dosificación de mortero P2?;El error frecuente es usar mezcla más pobre. Esto puede causar juntas débiles.
Morteros y Juntas de Albañilería;¿Qué consecuencias puede tener el error de usar mezcla más pobre?;Este error puede generar juntas débiles. La acción correcta es preparar la proporción indicada.
Morteros y Juntas de Albañilería;¿Por qué es importante controlar la dosificación de mortero P2?;Porque una ejecución incorrecta puede causar juntas débiles. La referencia correcta es: La E.070 indica 1 parte de cemento, 0 a 1/2 de cal y 4 a 5 partes de arena, por volumen.
Morteros y Juntas de Albañilería;¿Se puede agregar agua al mortero que se endurece?;La E.070 permite retemplar solo una vez y antes del fraguado inicial. No se recupera mortero endurecido repetidamente.
Morteros y Juntas de Albañilería;¿Qué establece el RNE sobre el retemplado del mortero?;La E.070 permite retemplar solo una vez y antes del fraguado inicial. No se recupera mortero endurecido repetidamente.
Morteros y Juntas de Albañilería;¿Cómo se verifica el retemplado del mortero en obra?;La E.070 permite retemplar solo una vez y antes del fraguado inicial. No se recupera mortero endurecido repetidamente. Debe revisarse hora de mezcla y veces que recibe agua.
Morteros y Juntas de Albañilería;¿Qué error frecuente se comete con el retemplado del mortero?;El error frecuente es agregar agua todo el día. Esto puede causar mortero débil y retráctil.
Morteros y Juntas de Albañilería;¿Qué consecuencias puede tener el error de agregar agua todo el día?;Este error puede generar mortero débil y retráctil. La acción correcta es descartar lo fraguado.
Morteros y Juntas de Albañilería;¿Por qué es importante controlar el retemplado del mortero?;Porque una ejecución incorrecta puede causar mortero débil y retráctil. La referencia correcta es: La E.070 permite retemplar solo una vez y antes del fraguado inicial. No se recupera mortero endurecido repetidamente.
Morteros y Juntas de Albañilería;¿Qué arena se usa para asentar ladrillos?;Debe ser limpia, graduada y sin materia orgánica, sales, arcilla ni exceso de polvo.
Morteros y Juntas de Albañilería;¿Cuál es la forma correcta de resolver la arena de mortero en una vivienda autoconstruida?;Debe ser limpia, graduada y sin materia orgánica, sales, arcilla ni exceso de polvo.
Morteros y Juntas de Albañilería;¿Cómo se verifica la arena de mortero en obra?;Debe ser limpia, graduada y sin materia orgánica, sales, arcilla ni exceso de polvo. Debe revisarse limpieza, terrones y granulometría.
Morteros y Juntas de Albañilería;¿Qué error frecuente se comete con la arena de mortero?;El error frecuente es usar arena con tierra. Esto puede causar salitre y baja adherencia.
Morteros y Juntas de Albañilería;¿Qué consecuencias puede tener el error de usar arena con tierra?;Este error puede generar salitre y baja adherencia. La acción correcta es lavar, ensayar o cambiar.
Morteros y Juntas de Albañilería;¿Por qué es importante controlar la arena de mortero?;Porque una ejecución incorrecta puede causar salitre y baja adherencia. La referencia correcta es: Debe ser limpia, graduada y sin materia orgánica, sales, arcilla ni exceso de polvo.
Morteros y Juntas de Albañilería;¿Cuánta agua debe llevar el mortero?;La mínima necesaria para trabajabilidad y adherencia, sin volverlo líquido. La humedad de la arena y ladrillo modifica la cantidad.
Morteros y Juntas de Albañilería;¿Cuál es la forma correcta de resolver el agua del mortero en una vivienda autoconstruida?;La mínima necesaria para trabajabilidad y adherencia, sin volverlo líquido. La humedad de la arena y ladrillo modifica la cantidad.
Morteros y Juntas de Albañilería;¿Cómo se verifica el agua del mortero en obra?;La mínima necesaria para trabajabilidad y adherencia, sin volverlo líquido. La humedad de la arena y ladrillo modifica la cantidad. Debe revisarse consistencia y exudación.
Morteros y Juntas de Albañilería;¿Qué error frecuente se comete con el agua del mortero?;El error frecuente es hacer mortero que chorrea. Esto puede causar retracción y baja resistencia.
Morteros y Juntas de Albañilería;¿Qué consecuencias puede tener el error de hacer mortero que chorrea?;Este error puede generar retracción y baja resistencia. La acción correcta es medir y ajustar el agua.
Morteros y Juntas de Albañilería;¿Por qué es importante controlar el agua del mortero?;Porque una ejecución incorrecta puede causar retracción y baja resistencia. La referencia correcta es: La mínima necesaria para trabajabilidad y adherencia, sin volverlo líquido. La humedad de la arena y ladrillo modifica la cantidad.
Morteros y Juntas de Albañilería;¿Qué espesor necesita una junta con varilla?;La E.070 exige espesor mínimo igual al diámetro de la barra más 6 mm.
Morteros y Juntas de Albañilería;¿Qué establece el RNE sobre la junta con refuerzo horizontal?;La E.070 exige espesor mínimo igual al diámetro de la barra más 6 mm.
Morteros y Juntas de Albañilería;¿Cómo se verifica la junta con refuerzo horizontal en obra?;La E.070 exige espesor mínimo igual al diámetro de la barra más 6 mm. Debe revisarse diámetro y recubrimiento de mortero.
Morteros y Juntas de Albañilería;¿Qué error frecuente se comete con la junta con refuerzo horizontal?;El error frecuente es apretar la barra entre ladrillos. Esto puede causar mala adherencia y corrosión.
Morteros y Juntas de Albañilería;¿Qué consecuencias puede tener el error de apretar la barra entre ladrillos?;Este error puede generar mala adherencia y corrosión. La acción correcta es ajustar la junta.
Morteros y Juntas de Albañilería;¿Por qué es importante controlar la junta con refuerzo horizontal?;Porque una ejecución incorrecta puede causar mala adherencia y corrosión. La referencia correcta es: La E.070 exige espesor mínimo igual al diámetro de la barra más 6 mm.
Morteros y Juntas de Albañilería;¿Cómo debe colocarse la primera hilada?;Sobre superficie rugosa, limpia y humedecida, con nivel, alineamiento y juntas uniformes.
Morteros y Juntas de Albañilería;¿Qué establece el RNE sobre la primera hilada?;Sobre superficie rugosa, limpia y humedecida, con nivel, alineamiento y juntas uniformes.
Morteros y Juntas de Albañilería;¿Cómo se verifica la primera hilada en obra?;Sobre superficie rugosa, limpia y humedecida, con nivel, alineamiento y juntas uniformes. Debe revisarse ejes, nivel, limpieza y llenado.
Morteros y Juntas de Albañilería;¿Qué error frecuente se comete con la primera hilada?;El error frecuente es empezar sobre polvo o lechada. Esto puede causar errores acumulados.
Morteros y Juntas de Albañilería;¿Qué consecuencias puede tener el error de empezar sobre polvo o lechada?;Este error puede generar errores acumulados. La acción correcta es levantar y corregir.
Morteros y Juntas de Albañilería;¿Por qué es importante controlar la primera hilada?;Porque una ejecución incorrecta puede causar errores acumulados. La referencia correcta es: Sobre superficie rugosa, limpia y humedecida, con nivel, alineamiento y juntas uniformes.
Muros Portantes de Albañilería Confinada;¿Cuál es el espesor mínimo de un muro portante?;La E.070 relaciona el espesor efectivo con la altura libre: t no menor que h/20 en las zonas indicadas por la norma y h/25 en la zona de menor sismicidad. El proyecto debe aplicar la zonificación vigente.
Muros Portantes de Albañilería Confinada;¿Qué establece el RNE sobre el espesor efectivo del muro?;La E.070 relaciona el espesor efectivo con la altura libre: t no menor que h/20 en las zonas indicadas por la norma y h/25 en la zona de menor sismicidad. El proyecto debe aplicar la zonificación vigente.
Muros Portantes de Albañilería Confinada;¿Cómo se verifica el espesor efectivo del muro en obra?;La E.070 relaciona el espesor efectivo con la altura libre: t no menor que h/20 en las zonas indicadas por la norma y h/25 en la zona de menor sismicidad. El proyecto debe aplicar la zonificación vigente. Debe revisarse altura libre, espesor sin tarrajeo y zona sísmica.
Muros Portantes de Albañilería Confinada;¿Qué error frecuente se comete con el espesor efectivo del muro?;El error frecuente es usar un muro muy delgado para una altura grande. Esto puede causar esbeltez e inestabilidad.
Muros Portantes de Albañilería Confinada;¿Qué consecuencias puede tener el error de usar un muro muy delgado para una altura grande?;Este error puede generar esbeltez e inestabilidad. La acción correcta es verificar la relación y el diseño.
Muros Portantes de Albañilería Confinada;¿Por qué es importante controlar el espesor efectivo del muro?;Porque una ejecución incorrecta puede causar esbeltez e inestabilidad. La referencia correcta es: La E.070 relaciona el espesor efectivo con la altura libre: t no menor que h/20 en las zonas indicadas por la norma y h/25 en la zona de menor sismicidad. El proyecto debe aplicar la zonificación vigente.
Muros Portantes de Albañilería Confinada;¿Cuánto muro se puede levantar en un día?;La E.070 limita la altura de albañilería a 1.30 m por jornada.
Muros Portantes de Albañilería Confinada;¿Qué establece el RNE sobre la altura construida por jornada?;La E.070 limita la altura de albañilería a 1.30 m por jornada.
Muros Portantes de Albañilería Confinada;¿Cómo se verifica la altura construida por jornada en obra?;La E.070 limita la altura de albañilería a 1.30 m por jornada. Debe revisarse altura desde la última junta endurecida.
Muros Portantes de Albañilería Confinada;¿Qué error frecuente se comete con la altura construida por jornada?;El error frecuente es levantar todo el piso en un día. Esto puede causar asentamiento de juntas y pérdida de plomo.
Muros Portantes de Albañilería Confinada;¿Qué consecuencias puede tener el error de levantar todo el piso en un día?;Este error puede generar asentamiento de juntas y pérdida de plomo. La acción correcta es detener a 1.30 m.
Muros Portantes de Albañilería Confinada;¿Por qué es importante controlar la altura construida por jornada?;Porque una ejecución incorrecta puede causar asentamiento de juntas y pérdida de plomo. La referencia correcta es: La E.070 limita la altura de albañilería a 1.30 m por jornada.
Muros Portantes de Albañilería Confinada;¿Un muro inclinado puede corregirse con tarrajeo?;"No. La E.070 exige muros a plomo y alineados; el tarrajeo solo oculta la inclinación."
Muros Portantes de Albañilería Confinada;¿Qué establece el RNE sobre el plomo del muro?;"No. La E.070 exige muros a plomo y alineados; el tarrajeo solo oculta la inclinación."
Muros Portantes de Albañilería Confinada;¿Cómo se verifica el plomo del muro en obra?;"No. La E.070 exige muros a plomo y alineados; el tarrajeo solo oculta la inclinación. Debe revisarse plomada, ejes y juntas."
Muros Portantes de Albañilería Confinada;¿Qué error frecuente se comete con el plomo del muro?;El error frecuente es ocultar la inclinación con acabado. Esto puede causar carga excéntrica e inestabilidad.
Muros Portantes de Albañilería Confinada;¿Qué consecuencias puede tener el error de ocultar la inclinación con acabado?;Este error puede generar carga excéntrica e inestabilidad. La acción correcta es reconstruir el tramo.
Muros Portantes de Albañilería Confinada;¿Por qué es importante controlar el plomo del muro?;"Porque una ejecución incorrecta puede causar carga excéntrica e inestabilidad. La referencia correcta es: No. La E.070 exige muros a plomo y alineados; el tarrajeo solo oculta la inclinación."
Muros Portantes de Albañilería Confinada;¿Deben alternarse las juntas verticales?;"Sí. El aparejo debe trabar las unidades; no deben quedar juntas verticales continuas en varias hiladas."
Muros Portantes de Albañilería Confinada;¿Cuál es la forma correcta de resolver la trabazón de las hiladas en una vivienda autoconstruida?;"Sí. El aparejo debe trabar las unidades; no deben quedar juntas verticales continuas en varias hiladas."
Muros Portantes de Albañilería Confinada;¿Cómo se verifica la trabazón de las hiladas en obra?;"Sí. El aparejo debe trabar las unidades; no deben quedar juntas verticales continuas en varias hiladas. Debe revisarse desfase y piezas de cierre."
Muros Portantes de Albañilería Confinada;¿Qué error frecuente se comete con la trabazón de las hiladas?;El error frecuente es alinear juntas verticales. Esto puede causar planos débiles y fisuras.
Muros Portantes de Albañilería Confinada;¿Qué consecuencias puede tener el error de alinear juntas verticales?;Este error puede generar planos débiles y fisuras. La acción correcta es reconstruir con aparejo correcto.
Muros Portantes de Albañilería Confinada;¿Por qué es importante controlar la trabazón de las hiladas?;"Porque una ejecución incorrecta puede causar planos débiles y fisuras. La referencia correcta es: Sí. El aparejo debe trabar las unidades; no deben quedar juntas verticales continuas en varias hiladas."
Muros Portantes de Albañilería Confinada;¿Qué longitud mínima debe tener un muro para contar como resistente?;La E.070 señala por lo menos 1.20 m de longitud para considerarlo contribuyente a la resistencia horizontal, además de otras condiciones.
Muros Portantes de Albañilería Confinada;¿Qué establece el RNE sobre la longitud que aporta resistencia?;La E.070 señala por lo menos 1.20 m de longitud para considerarlo contribuyente a la resistencia horizontal, además de otras condiciones.
Muros Portantes de Albañilería Confinada;¿Cómo se verifica la longitud que aporta resistencia en obra?;La E.070 señala por lo menos 1.20 m de longitud para considerarlo contribuyente a la resistencia horizontal, además de otras condiciones. Debe revisarse longitud entre confinamientos y vanos.
Muros Portantes de Albañilería Confinada;¿Qué error frecuente se comete con la longitud que aporta resistencia?;El error frecuente es contar una franja corta como muro. Esto puede causar sobreestimar resistencia sísmica.
Muros Portantes de Albañilería Confinada;¿Qué consecuencias puede tener el error de contar una franja corta como muro?;Este error puede generar sobreestimar resistencia sísmica. La acción correcta es recalcular la distribución.
Muros Portantes de Albañilería Confinada;¿Por qué es importante controlar la longitud que aporta resistencia?;Porque una ejecución incorrecta puede causar sobreestimar resistencia sísmica. La referencia correcta es: La E.070 señala por lo menos 1.20 m de longitud para considerarlo contribuyente a la resistencia horizontal, además de otras condiciones.
Muros Portantes de Albañilería Confinada;¿La vivienda necesita muros portantes en los dos sentidos?;Sí. Debe tener muros suficientes y continuos en las dos direcciones principales.
Muros Portantes de Albañilería Confinada;¿Existe una medida mínima universal para los muros en ambas direcciones?;Sí. Debe tener muros suficientes y continuos en las dos direcciones principales.
Muros Portantes de Albañilería Confinada;¿Cómo se verifica los muros en ambas direcciones en obra?;Sí. Debe tener muros suficientes y continuos en las dos direcciones principales. Debe revisarse planta y continuidad longitudinal y transversal.
Muros Portantes de Albañilería Confinada;¿Qué error frecuente se comete con los muros en ambas direcciones?;El error frecuente es poner todos los muros en una dirección. Esto puede causar una dirección sísmicamente débil.
Muros Portantes de Albañilería Confinada;¿Qué consecuencias puede tener el error de poner todos los muros en una dirección?;Este error puede generar una dirección sísmicamente débil. La acción correcta es redistribuir elementos resistentes.
Muros Portantes de Albañilería Confinada;¿Por qué es importante controlar los muros en ambas direcciones?;Porque una ejecución incorrecta puede causar una dirección sísmicamente débil. La referencia correcta es: Sí. Debe tener muros suficientes y continuos en las dos direcciones principales.
Muros Portantes de Albañilería Confinada;¿Los muros deben coincidir entre pisos?;Deben mantener continuidad o existir una transferencia calculada. Un muro que nace sobre losa sin diseño concentra carga.
Muros Portantes de Albañilería Confinada;¿Existe una medida mínima universal para la continuidad vertical de muros?;Deben mantener continuidad o existir una transferencia calculada. Un muro que nace sobre losa sin diseño concentra carga.
Muros Portantes de Albañilería Confinada;¿Cómo se verifica la continuidad vertical de muros en obra?;Deben mantener continuidad o existir una transferencia calculada. Un muro que nace sobre losa sin diseño concentra carga. Debe revisarse ejes por piso y apoyos inferiores.
Muros Portantes de Albañilería Confinada;¿Qué error frecuente se comete con la continuidad vertical de muros?;El error frecuente es poner un muro superior sin apoyo. Esto puede causar fisuras y deformación.
Muros Portantes de Albañilería Confinada;¿Qué consecuencias puede tener el error de poner un muro superior sin apoyo?;Este error puede generar fisuras y deformación. La acción correcta es alinear o diseñar transferencia.
Muros Portantes de Albañilería Confinada;¿Por qué es importante controlar la continuidad vertical de muros?;Porque una ejecución incorrecta puede causar fisuras y deformación. La referencia correcta es: Deben mantener continuidad o existir una transferencia calculada. Un muro que nace sobre losa sin diseño concentra carga.
Muros Portantes de Albañilería Confinada;¿Se puede hacer una canaleta horizontal profunda en un muro portante?;No debe debilitarse con rozas largas o profundas. Las instalaciones se planifican fuera de columnas, soleras y secciones esenciales.
Muros Portantes de Albañilería Confinada;¿Existe una medida mínima universal para las canaletas en muros portantes?;No debe debilitarse con rozas largas o profundas. Las instalaciones se planifican fuera de columnas, soleras y secciones esenciales.
Muros Portantes de Albañilería Confinada;¿Cómo se verifica las canaletas en muros portantes en obra?;No debe debilitarse con rozas largas o profundas. Las instalaciones se planifican fuera de columnas, soleras y secciones esenciales. Debe revisarse profundidad, longitud y ubicación.
Muros Portantes de Albañilería Confinada;¿Qué error frecuente se comete con las canaletas en muros portantes?;El error frecuente es cortar una franja horizontal. Esto puede causar reducción de sección y fisuras.
Muros Portantes de Albañilería Confinada;¿Qué consecuencias puede tener el error de cortar una franja horizontal?;Este error puede generar reducción de sección y fisuras. La acción correcta es reubicar y reparar.
Muros Portantes de Albañilería Confinada;¿Por qué es importante controlar las canaletas en muros portantes?;Porque una ejecución incorrecta puede causar reducción de sección y fisuras. La referencia correcta es: No debe debilitarse con rozas largas o profundas. Las instalaciones se planifican fuera de columnas, soleras y secciones esenciales.
Muros Portantes de Albañilería Confinada;¿Cómo se une el muro con la columna de confinamiento?;"Mediante dentado o conectores previstos, con interfaz limpia y concreto integrado; no debe quedar una junta lisa separada."
Muros Portantes de Albañilería Confinada;¿Qué establece el RNE sobre la conexión muro-columna?;"Mediante dentado o conectores previstos, con interfaz limpia y concreto integrado; no debe quedar una junta lisa separada."
Muros Portantes de Albañilería Confinada;¿Cómo se verifica la conexión muro-columna en obra?;"Mediante dentado o conectores previstos, con interfaz limpia y concreto integrado; no debe quedar una junta lisa separada. Debe revisarse dentado, conectores y llenado."
Muros Portantes de Albañilería Confinada;¿Qué error frecuente se comete con la conexión muro-columna?;El error frecuente es vaciar contra un borde liso. Esto puede causar fisura vertical y pérdida de confinamiento.
Muros Portantes de Albañilería Confinada;¿Qué consecuencias puede tener el error de vaciar contra un borde liso?;Este error puede generar fisura vertical y pérdida de confinamiento. La acción correcta es corregir antes del vaciado.
Muros Portantes de Albañilería Confinada;¿Por qué es importante controlar la conexión muro-columna?;"Porque una ejecución incorrecta puede causar fisura vertical y pérdida de confinamiento. La referencia correcta es: Mediante dentado o conectores previstos, con interfaz limpia y concreto integrado; no debe quedar una junta lisa separada."
Columnas de Confinamiento;¿Cuál es la dimensión mínima de una columna de confinamiento?;La E.070 establece 15 cm como dimensión mínima perpendicular al muro. La otra dimensión no debe ser menor que el espesor efectivo del muro.
Columnas de Confinamiento;¿Qué establece el RNE sobre la dimensión mínima perpendicular al muro?;La E.070 establece 15 cm como dimensión mínima perpendicular al muro. La otra dimensión no debe ser menor que el espesor efectivo del muro.
Columnas de Confinamiento;¿Cómo se verifica la dimensión mínima perpendicular al muro en obra?;La E.070 establece 15 cm como dimensión mínima perpendicular al muro. La otra dimensión no debe ser menor que el espesor efectivo del muro. Debe revisarse sección, muro, recubrimiento y acero.
Columnas de Confinamiento;¿Qué error frecuente se comete con la dimensión mínima perpendicular al muro?;El error frecuente es hacer una columneta menor de 15 cm. Esto puede causar falta de espacio y confinamiento.
Columnas de Confinamiento;¿Qué consecuencias puede tener el error de hacer una columneta menor de 15 cm?;Este error puede generar falta de espacio y confinamiento. La acción correcta es aumentar la sección.
Columnas de Confinamiento;¿Por qué es importante controlar la dimensión mínima perpendicular al muro?;Porque una ejecución incorrecta puede causar falta de espacio y confinamiento. La referencia correcta es: La E.070 establece 15 cm como dimensión mínima perpendicular al muro. La otra dimensión no debe ser menor que el espesor efectivo del muro.
Columnas de Confinamiento;¿La columna puede ser más angosta que el muro?;No. El espesor de la columna no debe ser menor que el espesor efectivo del muro.
Columnas de Confinamiento;¿Qué establece el RNE sobre el ancho respecto del muro?;No. El espesor de la columna no debe ser menor que el espesor efectivo del muro.
Columnas de Confinamiento;¿Cómo se verifica el ancho respecto del muro en obra?;No. El espesor de la columna no debe ser menor que el espesor efectivo del muro. Debe revisarse alineamiento de caras y sección.
Columnas de Confinamiento;¿Qué error frecuente se comete con el ancho respecto del muro?;El error frecuente es cubrir solo parte del muro. Esto puede causar conexión deficiente.
Columnas de Confinamiento;¿Qué consecuencias puede tener el error de cubrir solo parte del muro?;Este error puede generar conexión deficiente. La acción correcta es corregir el encofrado.
Columnas de Confinamiento;¿Por qué es importante controlar el ancho respecto del muro?;Porque una ejecución incorrecta puede causar conexión deficiente. La referencia correcta es: No. El espesor de la columna no debe ser menor que el espesor efectivo del muro.
Columnas de Confinamiento;¿Cada cuántos metros va una columna de confinamiento?;La distancia entre ejes no debe exceder dos veces la distancia entre arriostres horizontales y nunca 5.00 m. El diseño puede exigir menos.
Columnas de Confinamiento;¿Qué establece el RNE sobre la separación entre columnas?;La distancia entre ejes no debe exceder dos veces la distancia entre arriostres horizontales y nunca 5.00 m. El diseño puede exigir menos.
Columnas de Confinamiento;¿Cómo se verifica la separación entre columnas en obra?;La distancia entre ejes no debe exceder dos veces la distancia entre arriostres horizontales y nunca 5.00 m. El diseño puede exigir menos. Debe revisarse distancia entre ejes y altura entre soleras.
Columnas de Confinamiento;¿Qué error frecuente se comete con la separación entre columnas?;El error frecuente es dejar un paño mayor de 5 m. Esto puede causar muro largo y vulnerable.
Columnas de Confinamiento;¿Qué consecuencias puede tener el error de dejar un paño mayor de 5 m?;Este error puede generar muro largo y vulnerable. La acción correcta es incorporar confinamiento.
Columnas de Confinamiento;¿Por qué es importante controlar la separación entre columnas?;Porque una ejecución incorrecta puede causar muro largo y vulnerable. La referencia correcta es: La distancia entre ejes no debe exceder dos veces la distancia entre arriostres horizontales y nunca 5.00 m. El diseño puede exigir menos.
Columnas de Confinamiento;¿Debe haber columna en las esquinas de la vivienda?;Los extremos y encuentros de muros portantes deben quedar confinados conforme al plano.
Columnas de Confinamiento;¿Existe una medida mínima universal para las columnas en esquinas?;Los extremos y encuentros de muros portantes deben quedar confinados conforme al plano.
Columnas de Confinamiento;¿Cómo se verifica las columnas en esquinas en obra?;Los extremos y encuentros de muros portantes deben quedar confinados conforme al plano. Debe revisarse esquinas, barras y conexión de soleras.
Columnas de Confinamiento;¿Qué error frecuente se comete con las columnas en esquinas?;El error frecuente es unir dos muros sin confinamiento. Esto puede causar apertura de esquina.
Columnas de Confinamiento;¿Qué consecuencias puede tener el error de unir dos muros sin confinamiento?;Este error puede generar apertura de esquina. La acción correcta es ejecutar el detalle diseñado.
Columnas de Confinamiento;¿Por qué es importante controlar las columnas en esquinas?;Porque una ejecución incorrecta puede causar apertura de esquina. La referencia correcta es: Los extremos y encuentros de muros portantes deben quedar confinados conforme al plano.
Columnas de Confinamiento;¿Se necesitan columnas a los lados de una puerta grande?;"Depende del vano y del paño restante. Los bordes libres relevantes suelen requerir confinamiento; no debe eliminarse una columna para ampliar."
Columnas de Confinamiento;¿Existe una medida mínima universal para las columnas junto a vanos?;"Depende del vano y del paño restante. Los bordes libres relevantes suelen requerir confinamiento; no debe eliminarse una columna para ampliar."
Columnas de Confinamiento;¿Cómo se verifica las columnas junto a vanos en obra?;"Depende del vano y del paño restante. Los bordes libres relevantes suelen requerir confinamiento; no debe eliminarse una columna para ampliar. Debe revisarse ancho, paños laterales y dintel."
Columnas de Confinamiento;¿Qué error frecuente se comete con las columnas junto a vanos?;El error frecuente es cortar una columna. Esto puede causar pérdida de confinamiento.
Columnas de Confinamiento;¿Qué consecuencias puede tener el error de cortar una columna?;Este error puede generar pérdida de confinamiento. La acción correcta es rediseñar el vano.
Columnas de Confinamiento;¿Por qué es importante controlar las columnas junto a vanos?;"Porque una ejecución incorrecta puede causar pérdida de confinamiento. La referencia correcta es: Depende del vano y del paño restante. Los bordes libres relevantes suelen requerir confinamiento; no debe eliminarse una columna para ampliar."
Columnas de Confinamiento;¿La columna puede comenzar sobre el sobrecimiento?;No como continuidad normal. La E.070 dispone que el concreto se inicie en el borde superior del cimiento y las barras se anclen allí.
Columnas de Confinamiento;¿Qué establece el RNE sobre el inicio desde el cimiento?;No como continuidad normal. La E.070 dispone que el concreto se inicie en el borde superior del cimiento y las barras se anclen allí.
Columnas de Confinamiento;¿Cómo se verifica el inicio desde el cimiento en obra?;No como continuidad normal. La E.070 dispone que el concreto se inicie en el borde superior del cimiento y las barras se anclen allí. Debe revisarse arranques y continuidad.
Columnas de Confinamiento;¿Qué error frecuente se comete con el inicio desde el cimiento?;El error frecuente es hacerla nacer sobre el sobrecimiento. Esto puede causar anclaje insuficiente.
Columnas de Confinamiento;¿Qué consecuencias puede tener el error de hacerla nacer sobre el sobrecimiento?;Este error puede generar anclaje insuficiente. La acción correcta es corregir la base.
Columnas de Confinamiento;¿Por qué es importante controlar el inicio desde el cimiento?;Porque una ejecución incorrecta puede causar anclaje insuficiente. La referencia correcta es: No como continuidad normal. La E.070 dispone que el concreto se inicie en el borde superior del cimiento y las barras se anclen allí.
Columnas de Confinamiento;¿Se vacía primero la columna o se levanta primero el muro?;En albañilería confinada se levanta el paño con dentado o conectores y luego se vacía la columna para confinarlo.
Columnas de Confinamiento;¿Qué establece el RNE sobre la secuencia muro-columna?;En albañilería confinada se levanta el paño con dentado o conectores y luego se vacía la columna para confinarlo.
Columnas de Confinamiento;¿Cómo se verifica la secuencia muro-columna en obra?;En albañilería confinada se levanta el paño con dentado o conectores y luego se vacía la columna para confinarlo. Debe revisarse secuencia, dentado y limpieza.
Columnas de Confinamiento;¿Qué error frecuente se comete con la secuencia muro-columna?;El error frecuente es vaciar columna aislada y pegar el muro. Esto puede causar junta débil.
Columnas de Confinamiento;¿Qué consecuencias puede tener el error de vaciar columna aislada y pegar el muro?;Este error puede generar junta débil. La acción correcta es respetar la secuencia.
Columnas de Confinamiento;¿Por qué es importante controlar la secuencia muro-columna?;Porque una ejecución incorrecta puede causar junta débil. La referencia correcta es: En albañilería confinada se levanta el paño con dentado o conectores y luego se vacía la columna para confinarlo.
Columnas de Confinamiento;¿Qué debe limpiarse antes de vaciar una columna?;"Mortero suelto, polvo, madera y residuos; la junta debe estar rugosa, limpia y humedecida sin empozamiento."
Columnas de Confinamiento;¿Qué establece el RNE sobre la limpieza de la base?;"Mortero suelto, polvo, madera y residuos; la junta debe estar rugosa, limpia y humedecida sin empozamiento."
Columnas de Confinamiento;¿Cómo se verifica la limpieza de la base en obra?;"Mortero suelto, polvo, madera y residuos; la junta debe estar rugosa, limpia y humedecida sin empozamiento. Debe revisarse base, dentado, acero y ventana de limpieza."
Columnas de Confinamiento;¿Qué error frecuente se comete con la limpieza de la base?;El error frecuente es vaciar sobre residuos. Esto puede causar vacíos y junta débil.
Columnas de Confinamiento;¿Qué consecuencias puede tener el error de vaciar sobre residuos?;Este error puede generar vacíos y junta débil. La acción correcta es limpiar e inspeccionar.
Columnas de Confinamiento;¿Por qué es importante controlar la limpieza de la base?;"Porque una ejecución incorrecta puede causar vacíos y junta débil. La referencia correcta es: Mortero suelto, polvo, madera y residuos; la junta debe estar rugosa, limpia y humedecida sin empozamiento."
Columnas de Confinamiento;¿Se puede perforar una columna para una tubería?;No sin revisión. Puede cortar barras o estribos y reducir una sección pequeña.
Columnas de Confinamiento;¿Existe una medida mínima universal para las perforaciones en columnas?;No sin revisión. Puede cortar barras o estribos y reducir una sección pequeña.
Columnas de Confinamiento;¿Cómo se verifica las perforaciones en columnas en obra?;No sin revisión. Puede cortar barras o estribos y reducir una sección pequeña. Debe revisarse acero, diámetro y ubicación.
Columnas de Confinamiento;¿Qué error frecuente se comete con las perforaciones en columnas?;El error frecuente es atravesarla con desagüe. Esto puede causar pérdida severa de resistencia.
Columnas de Confinamiento;¿Qué consecuencias puede tener el error de atravesarla con desagüe?;Este error puede generar pérdida severa de resistencia. La acción correcta es reubicar y reparar con diseño.
Columnas de Confinamiento;¿Por qué es importante controlar las perforaciones en columnas?;Porque una ejecución incorrecta puede causar pérdida severa de resistencia. La referencia correcta es: No sin revisión. Puede cortar barras o estribos y reducir una sección pequeña.
Vigas Soleras, Dinteles y Vanos;¿Qué ancho mínimo debe tener una viga solera?;La E.070 establece que no debe ser menor que el espesor efectivo del muro.
Vigas Soleras, Dinteles y Vanos;¿Qué establece el RNE sobre el ancho de la solera?;La E.070 establece que no debe ser menor que el espesor efectivo del muro.
Vigas Soleras, Dinteles y Vanos;¿Cómo se verifica el ancho de la solera en obra?;La E.070 establece que no debe ser menor que el espesor efectivo del muro. Debe revisarse ancho del muro, eje y encofrado.
Vigas Soleras, Dinteles y Vanos;¿Qué error frecuente se comete con el ancho de la solera?;El error frecuente es hacerla más angosta. Esto puede causar apoyo parcial y mala conexión.
Vigas Soleras, Dinteles y Vanos;¿Qué consecuencias puede tener el error de hacerla más angosta?;Este error puede generar apoyo parcial y mala conexión. La acción correcta es corregir la sección.
Vigas Soleras, Dinteles y Vanos;¿Por qué es importante controlar el ancho de la solera?;Porque una ejecución incorrecta puede causar apoyo parcial y mala conexión. La referencia correcta es: La E.070 establece que no debe ser menor que el espesor efectivo del muro.
Vigas Soleras, Dinteles y Vanos;¿Cuál es el peralte mínimo de una viga solera?;"La E.070 indica que debe ser al menos igual al espesor de la losa de techo; el diseño puede exigir más."
Vigas Soleras, Dinteles y Vanos;¿Qué establece el RNE sobre el peralte de la solera?;"La E.070 indica que debe ser al menos igual al espesor de la losa de techo; el diseño puede exigir más."
Vigas Soleras, Dinteles y Vanos;¿Cómo se verifica el peralte de la solera en obra?;"La E.070 indica que debe ser al menos igual al espesor de la losa de techo; el diseño puede exigir más. Debe revisarse espesor de losa y sección."
Vigas Soleras, Dinteles y Vanos;¿Qué error frecuente se comete con el peralte de la solera?;El error frecuente es hacerla menos alta que la losa. Esto puede causar amarre insuficiente.
Vigas Soleras, Dinteles y Vanos;¿Qué consecuencias puede tener el error de hacerla menos alta que la losa?;Este error puede generar amarre insuficiente. La acción correcta es aumentar la sección.
Vigas Soleras, Dinteles y Vanos;¿Por qué es importante controlar el peralte de la solera?;"Porque una ejecución incorrecta puede causar amarre insuficiente. La referencia correcta es: La E.070 indica que debe ser al menos igual al espesor de la losa de techo; el diseño puede exigir más."
Vigas Soleras, Dinteles y Vanos;¿La viga solera debe ser continua?;Debe amarrar los muros y conectarse con columnas. Interrupciones por ductos o desniveles se resuelven en plano.
Vigas Soleras, Dinteles y Vanos;¿Existe una medida mínima universal para la continuidad de la solera?;Debe amarrar los muros y conectarse con columnas. Interrupciones por ductos o desniveles se resuelven en plano.
Vigas Soleras, Dinteles y Vanos;¿Cómo se verifica la continuidad de la solera en obra?;Debe amarrar los muros y conectarse con columnas. Interrupciones por ductos o desniveles se resuelven en plano. Debe revisarse esquinas, cambios de nivel y acero.
Vigas Soleras, Dinteles y Vanos;¿Qué error frecuente se comete con la continuidad de la solera?;El error frecuente es cortarla para una tubería. Esto puede causar pérdida del amarre.
Vigas Soleras, Dinteles y Vanos;¿Qué consecuencias puede tener el error de cortarla para una tubería?;Este error puede generar pérdida del amarre. La acción correcta es reubicar la interferencia.
Vigas Soleras, Dinteles y Vanos;¿Por qué es importante controlar la continuidad de la solera?;Porque una ejecución incorrecta puede causar pérdida del amarre. La referencia correcta es: Debe amarrar los muros y conectarse con columnas. Interrupciones por ductos o desniveles se resuelven en plano.
Vigas Soleras, Dinteles y Vanos;¿Toda puerta o ventana necesita dintel?;Todo vano debe transferir las cargas superiores de manera segura. El tipo y tamaño dependen de luz, carga y confinamiento.
Vigas Soleras, Dinteles y Vanos;¿Existe una medida mínima universal para la necesidad de dintel?;Todo vano debe transferir las cargas superiores de manera segura. El tipo y tamaño dependen de luz, carga y confinamiento.
Vigas Soleras, Dinteles y Vanos;¿Cómo se verifica la necesidad de dintel en obra?;Todo vano debe transferir las cargas superiores de manera segura. El tipo y tamaño dependen de luz, carga y confinamiento. Debe revisarse ancho, apoyo, muro superior y acero.
Vigas Soleras, Dinteles y Vanos;¿Qué error frecuente se comete con la necesidad de dintel?;El error frecuente es apoyar ladrillos sobre un marco liviano. Esto puede causar fisuras y caída de albañilería.
Vigas Soleras, Dinteles y Vanos;¿Qué consecuencias puede tener el error de apoyar ladrillos sobre un marco liviano?;Este error puede generar fisuras y caída de albañilería. La acción correcta es ejecutar un dintel diseñado.
Vigas Soleras, Dinteles y Vanos;¿Por qué es importante controlar la necesidad de dintel?;Porque una ejecución incorrecta puede causar fisuras y caída de albañilería. La referencia correcta es: Todo vano debe transferir las cargas superiores de manera segura. El tipo y tamaño dependen de luz, carga y confinamiento.
Vigas Soleras, Dinteles y Vanos;¿Cuánto debe apoyarse un dintel?;No existe una longitud universal. Depende de luz, carga, material, apoyo y anclaje.
Vigas Soleras, Dinteles y Vanos;¿Existe una medida mínima universal para el apoyo lateral del dintel?;No existe una longitud universal. Depende de luz, carga, material, apoyo y anclaje.
Vigas Soleras, Dinteles y Vanos;¿Cómo se verifica el apoyo lateral del dintel en obra?;No existe una longitud universal. Depende de luz, carga, material, apoyo y anclaje. Debe revisarse apoyo en ambos lados y fisuras.
Vigas Soleras, Dinteles y Vanos;¿Qué error frecuente se comete con el apoyo lateral del dintel?;El error frecuente es dar solo unos centímetros de apoyo. Esto puede causar aplastamiento o caída.
Vigas Soleras, Dinteles y Vanos;¿Qué consecuencias puede tener el error de dar solo unos centímetros de apoyo?;Este error puede generar aplastamiento o caída. La acción correcta es ampliar o diseñar la conexión.
Vigas Soleras, Dinteles y Vanos;¿Por qué es importante controlar el apoyo lateral del dintel?;Porque una ejecución incorrecta puede causar aplastamiento o caída. La referencia correcta es: No existe una longitud universal. Depende de luz, carga, material, apoyo y anclaje.
Vigas Soleras, Dinteles y Vanos;¿Puede una tabla quedar como dintel permanente?;No debe considerarse solución estructural en un muro portante salvo sistema diseñado. Puede deformarse, pudrirse o quemarse.
Vigas Soleras, Dinteles y Vanos;¿Cuál es la forma correcta de resolver el uso de madera como dintel en una vivienda autoconstruida?;No debe considerarse solución estructural en un muro portante salvo sistema diseñado. Puede deformarse, pudrirse o quemarse.
Vigas Soleras, Dinteles y Vanos;¿Cómo se verifica el uso de madera como dintel en obra?;No debe considerarse solución estructural en un muro portante salvo sistema diseñado. Puede deformarse, pudrirse o quemarse. Debe revisarse material, apoyo y carga.
Vigas Soleras, Dinteles y Vanos;¿Qué error frecuente se comete con el uso de madera como dintel?;El error frecuente es dejar albañilería sobre una tabla. Esto puede causar deformación y desprendimiento.
Vigas Soleras, Dinteles y Vanos;¿Qué consecuencias puede tener el error de dejar albañilería sobre una tabla?;Este error puede generar deformación y desprendimiento. La acción correcta es reemplazar por dintel diseñado.
Vigas Soleras, Dinteles y Vanos;¿Por qué es importante controlar el uso de madera como dintel?;Porque una ejecución incorrecta puede causar deformación y desprendimiento. La referencia correcta es: No debe considerarse solución estructural en un muro portante salvo sistema diseñado. Puede deformarse, pudrirse o quemarse.
Vigas Soleras, Dinteles y Vanos;¿Puedo agrandar una puerta cortando el muro?;No sin rediseñar dintel, confinamientos y paños y definir apuntalamiento.
Vigas Soleras, Dinteles y Vanos;¿Existe una medida mínima universal para la ampliación de una puerta?;No sin rediseñar dintel, confinamientos y paños y definir apuntalamiento.
Vigas Soleras, Dinteles y Vanos;¿Cómo se verifica la ampliación de una puerta en obra?;No sin rediseñar dintel, confinamientos y paños y definir apuntalamiento. Debe revisarse ancho nuevo, columnas y cargas.
Vigas Soleras, Dinteles y Vanos;¿Qué error frecuente se comete con la ampliación de una puerta?;El error frecuente es cortar sin apuntalar. Esto puede causar caída local y debilitamiento.
Vigas Soleras, Dinteles y Vanos;¿Qué consecuencias puede tener el error de cortar sin apuntalar?;Este error puede generar caída local y debilitamiento. La acción correcta es diseñar y ejecutar por etapas.
Vigas Soleras, Dinteles y Vanos;¿Por qué es importante controlar la ampliación de una puerta?;Porque una ejecución incorrecta puede causar caída local y debilitamiento. La referencia correcta es: No sin rediseñar dintel, confinamientos y paños y definir apuntalamiento.
Vigas Soleras, Dinteles y Vanos;¿Puede una ventana quedar pegada a la esquina?;Debe quedar un paño y confinamiento capaces de trabajar. Un vano pegado reduce el muro resistente.
Vigas Soleras, Dinteles y Vanos;¿Existe una medida mínima universal para un vano junto a la esquina?;Debe quedar un paño y confinamiento capaces de trabajar. Un vano pegado reduce el muro resistente.
Vigas Soleras, Dinteles y Vanos;¿Cómo se verifica un vano junto a la esquina en obra?;Debe quedar un paño y confinamiento capaces de trabajar. Un vano pegado reduce el muro resistente. Debe revisarse paño restante y columna de esquina.
Vigas Soleras, Dinteles y Vanos;¿Qué error frecuente se comete con un vano junto a la esquina?;El error frecuente es eliminar casi todo el paño. Esto puede causar apertura de esquina.
Vigas Soleras, Dinteles y Vanos;¿Qué consecuencias puede tener el error de eliminar casi todo el paño?;Este error puede generar apertura de esquina. La acción correcta es reubicar o diseñar un marco.
Vigas Soleras, Dinteles y Vanos;¿Por qué es importante controlar un vano junto a la esquina?;Porque una ejecución incorrecta puede causar apertura de esquina. La referencia correcta es: Debe quedar un paño y confinamiento capaces de trabajar. Un vano pegado reduce el muro resistente.
Vigas Soleras, Dinteles y Vanos;¿Un parapeto de ladrillo necesita confinamiento?;Sí debe diseñarse para sismo y viento. Los parapetos altos y largos no deben quedar libres sin columnas, solera o anclajes.
Vigas Soleras, Dinteles y Vanos;¿Existe una medida mínima universal para el parapeto de azotea?;Sí debe diseñarse para sismo y viento. Los parapetos altos y largos no deben quedar libres sin columnas, solera o anclajes.
Vigas Soleras, Dinteles y Vanos;¿Cómo se verifica el parapeto de azotea en obra?;Sí debe diseñarse para sismo y viento. Los parapetos altos y largos no deben quedar libres sin columnas, solera o anclajes. Debe revisarse altura, longitud, espesor y conexión.
Vigas Soleras, Dinteles y Vanos;¿Qué error frecuente se comete con el parapeto de azotea?;El error frecuente es levantar un muro delgado alto. Esto puede causar caída hacia la calle.
Vigas Soleras, Dinteles y Vanos;¿Qué consecuencias puede tener el error de levantar un muro delgado alto?;Este error puede generar caída hacia la calle. La acción correcta es confinar o usar solución liviana.
Vigas Soleras, Dinteles y Vanos;¿Por qué es importante controlar el parapeto de azotea?;Porque una ejecución incorrecta puede causar caída hacia la calle. La referencia correcta es: Sí debe diseñarse para sismo y viento. Los parapetos altos y largos no deben quedar libres sin columnas, solera o anclajes.
Losas, Techos y Diafragmas;¿Toda losa aligerada debe tener 20 cm?;No. Es una dimensión frecuente, pero depende de luz, cargas, continuidad y control de deflexión.
Losas, Techos y Diafragmas;¿Existe una medida mínima universal para el espesor de una losa aligerada?;No. Es una dimensión frecuente, pero depende de luz, cargas, continuidad y control de deflexión.
Losas, Techos y Diafragmas;¿Cómo se verifica el espesor de una losa aligerada en obra?;No. Es una dimensión frecuente, pero depende de luz, cargas, continuidad y control de deflexión. Debe revisarse luz, dirección, espesor y refuerzo.
Losas, Techos y Diafragmas;¿Qué error frecuente se comete con el espesor de una losa aligerada?;El error frecuente es usar 20 cm para cualquier luz. Esto puede causar deformación o gasto innecesario.
Losas, Techos y Diafragmas;¿Qué consecuencias puede tener el error de usar 20 cm para cualquier luz?;Este error puede generar deformación o gasto innecesario. La acción correcta es calcular la losa.
Losas, Techos y Diafragmas;¿Por qué es importante controlar el espesor de una losa aligerada?;Porque una ejecución incorrecta puede causar deformación o gasto innecesario. La referencia correcta es: No. Es una dimensión frecuente, pero depende de luz, cargas, continuidad y control de deflexión.
Losas, Techos y Diafragmas;¿En qué dirección deben ir las viguetas?;"La planta estructural la define; suelen ir entre apoyos y muchas veces en la menor luz, pero no debe cambiarse en obra."
Losas, Techos y Diafragmas;¿Existe una medida mínima universal para la dirección de viguetas?;"La planta estructural la define; suelen ir entre apoyos y muchas veces en la menor luz, pero no debe cambiarse en obra."
Losas, Techos y Diafragmas;¿Cómo se verifica la dirección de viguetas en obra?;"La planta estructural la define; suelen ir entre apoyos y muchas veces en la menor luz, pero no debe cambiarse en obra. Debe revisarse flechas, vigas y aberturas."
Losas, Techos y Diafragmas;¿Qué error frecuente se comete con la dirección de viguetas?;El error frecuente es girarlas para acomodar instalaciones. Esto puede causar apoyos incorrectos.
Losas, Techos y Diafragmas;¿Qué consecuencias puede tener el error de girarlas para acomodar instalaciones?;Este error puede generar apoyos incorrectos. La acción correcta es seguir o recalcular.
Losas, Techos y Diafragmas;¿Por qué es importante controlar la dirección de viguetas?;"Porque una ejecución incorrecta puede causar apoyos incorrectos. La referencia correcta es: La planta estructural la define; suelen ir entre apoyos y muchas veces en la menor luz, pero no debe cambiarse en obra."
Losas, Techos y Diafragmas;¿El ladrillo de techo es estructural?;"En una losa aligerada convencional funciona principalmente como relleno; la resistencia la aportan viguetas, capa de compresión y acero."
Losas, Techos y Diafragmas;¿Cuál es la forma correcta de resolver el ladrillo de techo en una vivienda autoconstruida?;"En una losa aligerada convencional funciona principalmente como relleno; la resistencia la aportan viguetas, capa de compresión y acero."
Losas, Techos y Diafragmas;¿Cómo se verifica el ladrillo de techo en obra?;"En una losa aligerada convencional funciona principalmente como relleno; la resistencia la aportan viguetas, capa de compresión y acero. Debe revisarse tipo, viguetas y zonas macizadas."
Losas, Techos y Diafragmas;¿Qué error frecuente se comete con el ladrillo de techo?;El error frecuente es anclar equipos al ladrillo. Esto puede causar desprendimiento.
Losas, Techos y Diafragmas;¿Qué consecuencias puede tener el error de anclar equipos al ladrillo?;Este error puede generar desprendimiento. La acción correcta es anclar al concreto diseñado.
Losas, Techos y Diafragmas;¿Por qué es importante controlar el ladrillo de techo?;"Porque una ejecución incorrecta puede causar desprendimiento. La referencia correcta es: En una losa aligerada convencional funciona principalmente como relleno; la resistencia la aportan viguetas, capa de compresión y acero."
Losas, Techos y Diafragmas;¿Se puede abrir un hueco para una escalera después?;Solo con evaluación y refuerzo. Puede cortar viguetas, acero y diafragma y requiere bordes resistentes.
Losas, Techos y Diafragmas;¿Existe una medida mínima universal para los huecos en losa?;Solo con evaluación y refuerzo. Puede cortar viguetas, acero y diafragma y requiere bordes resistentes.
Losas, Techos y Diafragmas;¿Cómo se verifica los huecos en losa en obra?;Solo con evaluación y refuerzo. Puede cortar viguetas, acero y diafragma y requiere bordes resistentes. Debe revisarse dirección, tamaño y acero.
Losas, Techos y Diafragmas;¿Qué error frecuente se comete con los huecos en losa?;El error frecuente es cortar sin planos. Esto puede causar fisuras o colapso local.
Losas, Techos y Diafragmas;¿Qué consecuencias puede tener el error de cortar sin planos?;Este error puede generar fisuras o colapso local. La acción correcta es apuntalar y diseñar el hueco.
Losas, Techos y Diafragmas;¿Por qué es importante controlar los huecos en losa?;Porque una ejecución incorrecta puede causar fisuras o colapso local. La referencia correcta es: Solo con evaluación y refuerzo. Puede cortar viguetas, acero y diafragma y requiere bordes resistentes.
Losas, Techos y Diafragmas;¿Se puede atravesar una viga con desagüe?;No sin detalle estructural. Un pase grande puede cortar acero y reducir la sección, especialmente cerca de apoyos.
Losas, Techos y Diafragmas;¿Existe una medida mínima universal para las tuberías por vigas?;No sin detalle estructural. Un pase grande puede cortar acero y reducir la sección, especialmente cerca de apoyos.
Losas, Techos y Diafragmas;¿Cómo se verifica las tuberías por vigas en obra?;No sin detalle estructural. Un pase grande puede cortar acero y reducir la sección, especialmente cerca de apoyos. Debe revisarse diámetro, posición y acero.
Losas, Techos y Diafragmas;¿Qué error frecuente se comete con las tuberías por vigas?;El error frecuente es perforar para evitar bajar techo. Esto puede causar falla por cortante.
Losas, Techos y Diafragmas;¿Qué consecuencias puede tener el error de perforar para evitar bajar techo?;Este error puede generar falla por cortante. La acción correcta es reubicar o diseñar el pase.
Losas, Techos y Diafragmas;¿Por qué es importante controlar las tuberías por vigas?;Porque una ejecución incorrecta puede causar falla por cortante. La referencia correcta es: No sin detalle estructural. Un pase grande puede cortar acero y reducir la sección, especialmente cerca de apoyos.
Losas, Techos y Diafragmas;¿A los cuántos días se retiran los puntales?;No existe plazo único. Depende de resistencia, luz, clima, cargas y reapuntalamiento y debe autorizarlo el responsable.
Losas, Techos y Diafragmas;¿Existe una medida mínima universal para el retiro de puntales?;No existe plazo único. Depende de resistencia, luz, clima, cargas y reapuntalamiento y debe autorizarlo el responsable.
Losas, Techos y Diafragmas;¿Cómo se verifica el retiro de puntales en obra?;No existe plazo único. Depende de resistencia, luz, clima, cargas y reapuntalamiento y debe autorizarlo el responsable. Debe revisarse resistencia, luces y cargas.
Losas, Techos y Diafragmas;¿Qué error frecuente se comete con el retiro de puntales?;El error frecuente es retirar por costumbre muy temprano. Esto puede causar flecha, fisuras o colapso.
Losas, Techos y Diafragmas;¿Qué consecuencias puede tener el error de retirar por costumbre muy temprano?;Este error puede generar flecha, fisuras o colapso. La acción correcta es mantener hasta autorización.
Losas, Techos y Diafragmas;¿Por qué es importante controlar el retiro de puntales?;Porque una ejecución incorrecta puede causar flecha, fisuras o colapso. La referencia correcta es: No existe plazo único. Depende de resistencia, luz, clima, cargas y reapuntalamiento y debe autorizarlo el responsable.
Losas, Techos y Diafragmas;¿Se pueden apilar ladrillos sobre una losa nueva?;No sin verificar resistencia y distribución. Las pilas concentran carga.
Losas, Techos y Diafragmas;¿Cuál es la forma correcta de resolver las cargas sobre losa joven en una vivienda autoconstruida?;No sin verificar resistencia y distribución. Las pilas concentran carga.
Losas, Techos y Diafragmas;¿Cómo se verifica las cargas sobre losa joven en obra?;No sin verificar resistencia y distribución. Las pilas concentran carga. Debe revisarse edad, ubicación y puntales.
Losas, Techos y Diafragmas;¿Qué error frecuente se comete con las cargas sobre losa joven?;El error frecuente es apilar en el centro del paño. Esto puede causar deformación y fisuras.
Losas, Techos y Diafragmas;¿Qué consecuencias puede tener el error de apilar en el centro del paño?;Este error puede generar deformación y fisuras. La acción correcta es retirar o distribuir.
Losas, Techos y Diafragmas;¿Por qué es importante controlar las cargas sobre losa joven?;Porque una ejecución incorrecta puede causar deformación y fisuras. La referencia correcta es: No sin verificar resistencia y distribución. Las pilas concentran carga.
Losas, Techos y Diafragmas;¿Por qué la losa debe unirse a muros y soleras?;Porque funciona como diafragma y distribuye fuerzas sísmicas. Necesita continuidad y conexión.
Losas, Techos y Diafragmas;¿Existe una medida mínima universal para la unión de losa y muros?;Porque funciona como diafragma y distribuye fuerzas sísmicas. Necesita continuidad y conexión.
Losas, Techos y Diafragmas;¿Cómo se verifica la unión de losa y muros en obra?;Porque funciona como diafragma y distribuye fuerzas sísmicas. Necesita continuidad y conexión. Debe revisarse anclajes, acero y aberturas.
Losas, Techos y Diafragmas;¿Qué error frecuente se comete con la unión de losa y muros?;El error frecuente es dejarla separada. Esto puede causar movimiento independiente.
Losas, Techos y Diafragmas;¿Qué consecuencias puede tener el error de dejarla separada?;Este error puede generar movimiento independiente. La acción correcta es revisar y reforzar conexiones.
Losas, Techos y Diafragmas;¿Por qué es importante controlar la unión de losa y muros?;Porque una ejecución incorrecta puede causar movimiento independiente. La referencia correcta es: Porque funciona como diafragma y distribuye fuerzas sísmicas. Necesita continuidad y conexión.
Losas, Techos y Diafragmas;¿Una azotea puede quedar totalmente plana?;Debe tener pendientes efectivas hacia sumideros. Cero pendiente genera empozamientos.
Losas, Techos y Diafragmas;¿Existe una medida mínima universal para el drenaje de la azotea?;Debe tener pendientes efectivas hacia sumideros. Cero pendiente genera empozamientos.
Losas, Techos y Diafragmas;¿Cómo se verifica el drenaje de la azotea en obra?;Debe tener pendientes efectivas hacia sumideros. Cero pendiente genera empozamientos. Debe revisarse cotas, puntos bajos y prueba con agua.
Losas, Techos y Diafragmas;¿Qué error frecuente se comete con el drenaje de la azotea?;El error frecuente es dejar contrapendientes. Esto puede causar filtración y sobrecarga.
Losas, Techos y Diafragmas;¿Qué consecuencias puede tener el error de dejar contrapendientes?;Este error puede generar filtración y sobrecarga. La acción correcta es reperfilar y drenar.
Losas, Techos y Diafragmas;¿Por qué es importante controlar el drenaje de la azotea?;Porque una ejecución incorrecta puede causar filtración y sobrecarga. La referencia correcta es: Debe tener pendientes efectivas hacia sumideros. Cero pendiente genera empozamientos.
Arquitectura y Habitabilidad de la Vivienda;¿Cuál es la altura libre mínima de una vivienda?;La A.020 establece 2.30 m como altura libre mínima general, medida con acabados terminados.
Arquitectura y Habitabilidad de la Vivienda;¿Qué establece el RNE sobre la altura libre general?;La A.020 establece 2.30 m como altura libre mínima general, medida con acabados terminados.
Arquitectura y Habitabilidad de la Vivienda;¿Cómo se verifica la altura libre general en obra?;La A.020 establece 2.30 m como altura libre mínima general, medida con acabados terminados. Debe revisarse piso, techo, vigas y cielo raso terminados.
Arquitectura y Habitabilidad de la Vivienda;¿Qué error frecuente se comete con la altura libre general?;El error frecuente es dejar menos de 2.30 m. Esto puede causar incumplimiento y mala habitabilidad.
Arquitectura y Habitabilidad de la Vivienda;¿Qué consecuencias puede tener el error de dejar menos de 2.30 m?;Este error puede generar incumplimiento y mala habitabilidad. La acción correcta es corregir niveles.
Arquitectura y Habitabilidad de la Vivienda;¿Por qué es importante controlar la altura libre general?;Porque una ejecución incorrecta puede causar incumplimiento y mala habitabilidad. La referencia correcta es: La A.020 establece 2.30 m como altura libre mínima general, medida con acabados terminados.
Arquitectura y Habitabilidad de la Vivienda;¿Cuál es la altura mínima de un baño?;La A.020 permite una altura libre mínima de 2.10 m para baños.
Arquitectura y Habitabilidad de la Vivienda;¿Qué establece el RNE sobre la altura libre del baño?;La A.020 permite una altura libre mínima de 2.10 m para baños.
Arquitectura y Habitabilidad de la Vivienda;¿Cómo se verifica la altura libre del baño en obra?;La A.020 permite una altura libre mínima de 2.10 m para baños. Debe revisarse altura terminada y ductos.
Arquitectura y Habitabilidad de la Vivienda;¿Qué error frecuente se comete con la altura libre del baño?;El error frecuente es dejar menos de 2.10 m. Esto puede causar incumplimiento.
Arquitectura y Habitabilidad de la Vivienda;¿Qué consecuencias puede tener el error de dejar menos de 2.10 m?;Este error puede generar incumplimiento. La acción correcta es ajustar instalaciones o techo.
Arquitectura y Habitabilidad de la Vivienda;¿Por qué es importante controlar la altura libre del baño?;Porque una ejecución incorrecta puede causar incumplimiento. La referencia correcta es: La A.020 permite una altura libre mínima de 2.10 m para baños.
Arquitectura y Habitabilidad de la Vivienda;¿Cuál es la altura mínima de una puerta?;La A.020 establece 2.10 m de altura mínima.
Arquitectura y Habitabilidad de la Vivienda;¿Qué establece el RNE sobre la altura de puertas?;La A.020 establece 2.10 m de altura mínima.
Arquitectura y Habitabilidad de la Vivienda;¿Cómo se verifica la altura de puertas en obra?;La A.020 establece 2.10 m de altura mínima. Debe revisarse altura libre con piso y marco.
Arquitectura y Habitabilidad de la Vivienda;¿Qué error frecuente se comete con la altura de puertas?;El error frecuente es reducirla por dintel o acabado. Esto puede causar golpes y paso insuficiente.
Arquitectura y Habitabilidad de la Vivienda;¿Qué consecuencias puede tener el error de reducirla por dintel o acabado?;Este error puede generar golpes y paso insuficiente. La acción correcta es corregir el vano.
Arquitectura y Habitabilidad de la Vivienda;¿Por qué es importante controlar la altura de puertas?;Porque una ejecución incorrecta puede causar golpes y paso insuficiente. La referencia correcta es: La A.020 establece 2.10 m de altura mínima.
Arquitectura y Habitabilidad de la Vivienda;¿Cuál es el ancho mínimo de la puerta principal?;La A.020 establece 0.90 m.
Arquitectura y Habitabilidad de la Vivienda;¿Qué establece el RNE sobre el ancho de puerta principal?;La A.020 establece 0.90 m.
Arquitectura y Habitabilidad de la Vivienda;¿Cómo se verifica el ancho de puerta principal en obra?;La A.020 establece 0.90 m. Debe revisarse ancho libre con marco instalado.
Arquitectura y Habitabilidad de la Vivienda;¿Qué error frecuente se comete con el ancho de puerta principal?;El error frecuente es dejar solo 0.80 m. Esto puede causar dificultad de acceso.
Arquitectura y Habitabilidad de la Vivienda;¿Qué consecuencias puede tener el error de dejar solo 0.80 m?;Este error puede generar dificultad de acceso. La acción correcta es ampliar el vano.
Arquitectura y Habitabilidad de la Vivienda;¿Por qué es importante controlar el ancho de puerta principal?;Porque una ejecución incorrecta puede causar dificultad de acceso. La referencia correcta es: La A.020 establece 0.90 m.
Arquitectura y Habitabilidad de la Vivienda;¿Cuál es el ancho mínimo de una puerta de dormitorio o cocina?;La A.020 establece 0.80 m para dormitorios, sala, comedor y cocina.
Arquitectura y Habitabilidad de la Vivienda;¿Qué establece el RNE sobre el ancho de puertas interiores?;La A.020 establece 0.80 m para dormitorios, sala, comedor y cocina.
Arquitectura y Habitabilidad de la Vivienda;¿Cómo se verifica el ancho de puertas interiores en obra?;La A.020 establece 0.80 m para dormitorios, sala, comedor y cocina. Debe revisarse ancho libre y giro.
Arquitectura y Habitabilidad de la Vivienda;¿Qué error frecuente se comete con el ancho de puertas interiores?;El error frecuente es dejar menos de 0.80 m. Esto puede causar circulación incómoda.
Arquitectura y Habitabilidad de la Vivienda;¿Qué consecuencias puede tener el error de dejar menos de 0.80 m?;Este error puede generar circulación incómoda. La acción correcta es corregir antes del acabado.
Arquitectura y Habitabilidad de la Vivienda;¿Por qué es importante controlar el ancho de puertas interiores?;Porque una ejecución incorrecta puede causar circulación incómoda. La referencia correcta es: La A.020 establece 0.80 m para dormitorios, sala, comedor y cocina.
Arquitectura y Habitabilidad de la Vivienda;¿Cuál es el ancho mínimo de la puerta de baño?;La A.020 establece 0.70 m, sin perjuicio de mayores exigencias de accesibilidad.
Arquitectura y Habitabilidad de la Vivienda;¿Qué establece el RNE sobre el ancho de puerta de baño?;La A.020 establece 0.70 m, sin perjuicio de mayores exigencias de accesibilidad.
Arquitectura y Habitabilidad de la Vivienda;¿Cómo se verifica el ancho de puerta de baño en obra?;La A.020 establece 0.70 m, sin perjuicio de mayores exigencias de accesibilidad. Debe revisarse ancho libre y marco.
Arquitectura y Habitabilidad de la Vivienda;¿Qué error frecuente se comete con el ancho de puerta de baño?;El error frecuente es dejar menos de 0.70 m. Esto puede causar paso insuficiente.
Arquitectura y Habitabilidad de la Vivienda;¿Qué consecuencias puede tener el error de dejar menos de 0.70 m?;Este error puede generar paso insuficiente. La acción correcta es ampliar o rediseñar.
Arquitectura y Habitabilidad de la Vivienda;¿Por qué es importante controlar el ancho de puerta de baño?;Porque una ejecución incorrecta puede causar paso insuficiente. La referencia correcta es: La A.020 establece 0.70 m, sin perjuicio de mayores exigencias de accesibilidad.
Arquitectura y Habitabilidad de la Vivienda;¿Cuál es el ancho mínimo de un pasadizo dentro de la vivienda?;La A.020 establece 0.90 m de ancho libre.
Arquitectura y Habitabilidad de la Vivienda;¿Qué establece el RNE sobre el ancho de pasadizos interiores?;La A.020 establece 0.90 m de ancho libre.
Arquitectura y Habitabilidad de la Vivienda;¿Cómo se verifica el ancho de pasadizos interiores en obra?;La A.020 establece 0.90 m de ancho libre. Debe revisarse distancia entre acabados y muebles fijos.
Arquitectura y Habitabilidad de la Vivienda;¿Qué error frecuente se comete con el ancho de pasadizos interiores?;El error frecuente es reducirlo con closets o columnas. Esto puede causar circulación y evacuación deficientes.
Arquitectura y Habitabilidad de la Vivienda;¿Qué consecuencias puede tener el error de reducirlo con closets o columnas?;Este error puede generar circulación y evacuación deficientes. La acción correcta es mantener 0.90 m libres.
Arquitectura y Habitabilidad de la Vivienda;¿Por qué es importante controlar el ancho de pasadizos interiores?;Porque una ejecución incorrecta puede causar circulación y evacuación deficientes. La referencia correcta es: La A.020 establece 0.90 m de ancho libre.
Arquitectura y Habitabilidad de la Vivienda;¿Qué tamaño de ventana necesita un dormitorio?;La A.020 exige vanos de iluminación equivalentes como mínimo al 10% del área del ambiente. Un dormitorio de 12 m² requiere 1.20 m².
Arquitectura y Habitabilidad de la Vivienda;¿Qué establece el RNE sobre la iluminación natural por ventanas?;La A.020 exige vanos de iluminación equivalentes como mínimo al 10% del área del ambiente. Un dormitorio de 12 m² requiere 1.20 m².
Arquitectura y Habitabilidad de la Vivienda;¿Cómo se verifica la iluminación natural por ventanas en obra?;La A.020 exige vanos de iluminación equivalentes como mínimo al 10% del área del ambiente. Un dormitorio de 12 m² requiere 1.20 m². Debe revisarse área del ambiente y del vano.
Arquitectura y Habitabilidad de la Vivienda;¿Qué error frecuente se comete con la iluminación natural por ventanas?;El error frecuente es dar solo 0.60 m² a un ambiente de 12 m². Esto puede causar iluminación insuficiente.
Arquitectura y Habitabilidad de la Vivienda;¿Qué consecuencias puede tener el error de dar solo 0.60 m² a un ambiente de 12 m²?;Este error puede generar iluminación insuficiente. La acción correcta es aumentar el vano.
Arquitectura y Habitabilidad de la Vivienda;¿Por qué es importante controlar la iluminación natural por ventanas?;Porque una ejecución incorrecta puede causar iluminación insuficiente. La referencia correcta es: La A.020 exige vanos de iluminación equivalentes como mínimo al 10% del área del ambiente. Un dormitorio de 12 m² requiere 1.20 m².
Arquitectura y Habitabilidad de la Vivienda;¿Qué área debe abrir una ventana para ventilar?;La A.020 exige apertura efectiva al exterior de al menos 5% del área del ambiente. Para 12 m² son 0.60 m² efectivos.
Arquitectura y Habitabilidad de la Vivienda;¿Qué establece el RNE sobre la ventilación natural por ventanas?;La A.020 exige apertura efectiva al exterior de al menos 5% del área del ambiente. Para 12 m² son 0.60 m² efectivos.
Arquitectura y Habitabilidad de la Vivienda;¿Cómo se verifica la ventilación natural por ventanas en obra?;La A.020 exige apertura efectiva al exterior de al menos 5% del área del ambiente. Para 12 m² son 0.60 m² efectivos. Debe revisarse área realmente abrible.
Arquitectura y Habitabilidad de la Vivienda;¿Qué error frecuente se comete con la ventilación natural por ventanas?;El error frecuente es poner vidrio grande que casi no abre. Esto puede causar humedad y calor.
Arquitectura y Habitabilidad de la Vivienda;¿Qué consecuencias puede tener el error de poner vidrio grande que casi no abre?;Este error puede generar humedad y calor. La acción correcta es aumentar la apertura.
Arquitectura y Habitabilidad de la Vivienda;¿Por qué es importante controlar la ventilación natural por ventanas?;Porque una ejecución incorrecta puede causar humedad y calor. La referencia correcta es: La A.020 exige apertura efectiva al exterior de al menos 5% del área del ambiente. Para 12 m² son 0.60 m² efectivos.
Arquitectura y Habitabilidad de la Vivienda;¿A qué altura mínima comienza una ventana?;"La A.020 establece 1.00 m cuando existe riesgo de caída; si es menor, necesita protección o vidrio fijo hasta esa altura."
Arquitectura y Habitabilidad de la Vivienda;¿Qué establece el RNE sobre la altura del alféizar?;"La A.020 establece 1.00 m cuando existe riesgo de caída; si es menor, necesita protección o vidrio fijo hasta esa altura."
Arquitectura y Habitabilidad de la Vivienda;¿Cómo se verifica la altura del alféizar en obra?;"La A.020 establece 1.00 m cuando existe riesgo de caída; si es menor, necesita protección o vidrio fijo hasta esa altura. Debe revisarse altura desde piso y protección."
Arquitectura y Habitabilidad de la Vivienda;¿Qué error frecuente se comete con la altura del alféizar?;El error frecuente es dejar ventana baja sin baranda. Esto puede causar caída de personas.
Arquitectura y Habitabilidad de la Vivienda;¿Qué consecuencias puede tener el error de dejar ventana baja sin baranda?;Este error puede generar caída de personas. La acción correcta es instalar protección resistente.
Arquitectura y Habitabilidad de la Vivienda;¿Por qué es importante controlar la altura del alféizar?;"Porque una ejecución incorrecta puede causar caída de personas. La referencia correcta es: La A.020 establece 1.00 m cuando existe riesgo de caída; si es menor, necesita protección o vidrio fijo hasta esa altura."
Arquitectura y Habitabilidad de la Vivienda;¿Cuál es el ancho mínimo de un pozo de luz en una casa?;La A.020 establece 2.00 m para iluminar dormitorios, sala o comedor y 1.80 m para cocina o patio techado, además de otras condiciones.
Arquitectura y Habitabilidad de la Vivienda;¿Qué establece el RNE sobre el pozo de luz unifamiliar?;La A.020 establece 2.00 m para iluminar dormitorios, sala o comedor y 1.80 m para cocina o patio techado, además de otras condiciones.
Arquitectura y Habitabilidad de la Vivienda;¿Cómo se verifica el pozo de luz unifamiliar en obra?;La A.020 establece 2.00 m para iluminar dormitorios, sala o comedor y 1.80 m para cocina o patio techado, además de otras condiciones. Debe revisarse dimensión libre y ambientes que ventilan.
Arquitectura y Habitabilidad de la Vivienda;¿Qué error frecuente se comete con el pozo de luz unifamiliar?;El error frecuente es dejar un ducto angosto para dormitorios. Esto puede causar mala iluminación y ventilación.
Arquitectura y Habitabilidad de la Vivienda;¿Qué consecuencias puede tener el error de dejar un ducto angosto para dormitorios?;Este error puede generar mala iluminación y ventilación. La acción correcta es redimensionar el pozo.
Arquitectura y Habitabilidad de la Vivienda;¿Por qué es importante controlar el pozo de luz unifamiliar?;Porque una ejecución incorrecta puede causar mala iluminación y ventilación. La referencia correcta es: La A.020 establece 2.00 m para iluminar dormitorios, sala o comedor y 1.80 m para cocina o patio techado, además de otras condiciones.
Arquitectura y Habitabilidad de la Vivienda;¿Un baño puede no tener ventana?;Puede usar ducto o ventilación mecánica conforme al diseño. No debe quedar cerrado ni ventilar hacia otro ambiente interior.
Arquitectura y Habitabilidad de la Vivienda;¿Existe una medida mínima universal para la ventilación del baño?;Puede usar ducto o ventilación mecánica conforme al diseño. No debe quedar cerrado ni ventilar hacia otro ambiente interior.
Arquitectura y Habitabilidad de la Vivienda;¿Cómo se verifica la ventilación del baño en obra?;Puede usar ducto o ventilación mecánica conforme al diseño. No debe quedar cerrado ni ventilar hacia otro ambiente interior. Debe revisarse ducto, extractor y descarga.
Arquitectura y Habitabilidad de la Vivienda;¿Qué error frecuente se comete con la ventilación del baño?;El error frecuente es dejarlo sin ventana ni extractor. Esto puede causar moho y olores.
Arquitectura y Habitabilidad de la Vivienda;¿Qué consecuencias puede tener el error de dejarlo sin ventana ni extractor?;Este error puede generar moho y olores. La acción correcta es incorporar ventilación adecuada.
Arquitectura y Habitabilidad de la Vivienda;¿Por qué es importante controlar la ventilación del baño?;Porque una ejecución incorrecta puede causar moho y olores. La referencia correcta es: Puede usar ducto o ventilación mecánica conforme al diseño. No debe quedar cerrado ni ventilar hacia otro ambiente interior.
Instalaciones Sanitarias en Viviendas;¿Se puede pasar un desagüe por una columna o viga?;No sin un pase estructural diseñado. Las redes deben coordinarse antes y ubicarse en ductos o tabiques.
Instalaciones Sanitarias en Viviendas;¿Existe una medida mínima universal para las tuberías en columnas y vigas?;No sin un pase estructural diseñado. Las redes deben coordinarse antes y ubicarse en ductos o tabiques.
Instalaciones Sanitarias en Viviendas;¿Cómo se verifica las tuberías en columnas y vigas en obra?;No sin un pase estructural diseñado. Las redes deben coordinarse antes y ubicarse en ductos o tabiques. Debe revisarse rutas, diámetros y acero.
Instalaciones Sanitarias en Viviendas;¿Qué error frecuente se comete con las tuberías en columnas y vigas?;El error frecuente es romper un elemento estructural. Esto puede causar debilitamiento y filtración.
Instalaciones Sanitarias en Viviendas;¿Qué consecuencias puede tener el error de romper un elemento estructural?;Este error puede generar debilitamiento y filtración. La acción correcta es reubicar y reparar con diseño.
Instalaciones Sanitarias en Viviendas;¿Por qué es importante controlar las tuberías en columnas y vigas?;Porque una ejecución incorrecta puede causar debilitamiento y filtración. La referencia correcta es: No sin un pase estructural diseñado. Las redes deben coordinarse antes y ubicarse en ductos o tabiques.
Instalaciones Sanitarias en Viviendas;¿Qué pendiente debe tener una tubería de desagüe?;"Depende del diámetro, caudal y material y debe aparecer en planos y cumplir IS.010; no se ejecuta a ojo."
Instalaciones Sanitarias en Viviendas;¿Existe una medida mínima universal para la pendiente del desagüe?;"Depende del diámetro, caudal y material y debe aparecer en planos y cumplir IS.010; no se ejecuta a ojo."
Instalaciones Sanitarias en Viviendas;¿Cómo se verifica la pendiente del desagüe en obra?;"Depende del diámetro, caudal y material y debe aparecer en planos y cumplir IS.010; no se ejecuta a ojo. Debe revisarse cotas, longitud y nivel."
Instalaciones Sanitarias en Viviendas;¿Qué error frecuente se comete con la pendiente del desagüe?;El error frecuente es dejar contrapendiente. Esto puede causar atoros y olores.
Instalaciones Sanitarias en Viviendas;¿Qué consecuencias puede tener el error de dejar contrapendiente?;Este error puede generar atoros y olores. La acción correcta es rehacer antes de cubrir.
Instalaciones Sanitarias en Viviendas;¿Por qué es importante controlar la pendiente del desagüe?;"Porque una ejecución incorrecta puede causar atoros y olores. La referencia correcta es: Depende del diámetro, caudal y material y debe aparecer en planos y cumplir IS.010; no se ejecuta a ojo."
Instalaciones Sanitarias en Viviendas;¿Para qué sirve la tubería de ventilación?;Equilibra presiones y protege los sellos de agua. Sin ella aparecen gorgoteos y gases.
Instalaciones Sanitarias en Viviendas;¿Qué establece el RNE sobre la ventilación sanitaria?;Equilibra presiones y protege los sellos de agua. Sin ella aparecen gorgoteos y gases.
Instalaciones Sanitarias en Viviendas;¿Cómo se verifica la ventilación sanitaria en obra?;Equilibra presiones y protege los sellos de agua. Sin ella aparecen gorgoteos y gases. Debe revisarse montante, salida sobre techo y conexiones.
Instalaciones Sanitarias en Viviendas;¿Qué error frecuente se comete con la ventilación sanitaria?;El error frecuente es eliminarla para ahorrar. Esto puede causar malos olores y pérdida de trampas.
Instalaciones Sanitarias en Viviendas;¿Qué consecuencias puede tener el error de eliminarla para ahorrar?;Este error puede generar malos olores y pérdida de trampas. La acción correcta es instalarla conforme al plano.
Instalaciones Sanitarias en Viviendas;¿Por qué es importante controlar la ventilación sanitaria?;Porque una ejecución incorrecta puede causar malos olores y pérdida de trampas. La referencia correcta es: Equilibra presiones y protege los sellos de agua. Sin ella aparecen gorgoteos y gases.
Instalaciones Sanitarias en Viviendas;¿Dónde deben ir los registros?;En puntos accesibles que permitan inspección y limpieza, especialmente cambios de dirección previstos.
Instalaciones Sanitarias en Viviendas;¿Existe una medida mínima universal para los registros de desagüe?;En puntos accesibles que permitan inspección y limpieza, especialmente cambios de dirección previstos.
Instalaciones Sanitarias en Viviendas;¿Cómo se verifica los registros de desagüe en obra?;En puntos accesibles que permitan inspección y limpieza, especialmente cambios de dirección previstos. Debe revisarse ubicación, tapa y acceso.
Instalaciones Sanitarias en Viviendas;¿Qué error frecuente se comete con los registros de desagüe?;El error frecuente es enterrarlos bajo muebles. Esto puede causar mantenimiento destructivo.
Instalaciones Sanitarias en Viviendas;¿Qué consecuencias puede tener el error de enterrarlos bajo muebles?;Este error puede generar mantenimiento destructivo. La acción correcta es reubicar o dejar acceso.
Instalaciones Sanitarias en Viviendas;¿Por qué es importante controlar los registros de desagüe?;Porque una ejecución incorrecta puede causar mantenimiento destructivo. La referencia correcta es: En puntos accesibles que permitan inspección y limpieza, especialmente cambios de dirección previstos.
Instalaciones Sanitarias en Viviendas;¿Debe probarse la tubería antes de cerrar pisos y muros?;Sí. Agua y desagüe deben aprobar las pruebas correspondientes antes de cubrirse.
Instalaciones Sanitarias en Viviendas;¿Cuál es la forma correcta de resolver las pruebas antes de tapar en una vivienda autoconstruida?;Sí. Agua y desagüe deben aprobar las pruebas correspondientes antes de cubrirse.
Instalaciones Sanitarias en Viviendas;¿Cómo se verifica las pruebas antes de tapar en obra?;Sí. Agua y desagüe deben aprobar las pruebas correspondientes antes de cubrirse. Debe revisarse presión o estanqueidad y uniones.
Instalaciones Sanitarias en Viviendas;¿Qué error frecuente se comete con las pruebas antes de tapar?;El error frecuente es enchapar sin probar. Esto puede causar fugas ocultas.
Instalaciones Sanitarias en Viviendas;¿Qué consecuencias puede tener el error de enchapar sin probar?;Este error puede generar fugas ocultas. La acción correcta es probar y reparar.
Instalaciones Sanitarias en Viviendas;¿Por qué es importante controlar las pruebas antes de tapar?;Porque una ejecución incorrecta puede causar fugas ocultas. La referencia correcta es: Sí. Agua y desagüe deben aprobar las pruebas correspondientes antes de cubrirse.
Instalaciones Sanitarias en Viviendas;¿Una tubería puede apoyarse sobre piedras?;No. Necesita apoyo uniforme y relleno lateral compatible, sin cargas puntuales.
Instalaciones Sanitarias en Viviendas;¿Cuál es la forma correcta de resolver el apoyo de tuberías enterradas en una vivienda autoconstruida?;No. Necesita apoyo uniforme y relleno lateral compatible, sin cargas puntuales.
Instalaciones Sanitarias en Viviendas;¿Cómo se verifica el apoyo de tuberías enterradas en obra?;No. Necesita apoyo uniforme y relleno lateral compatible, sin cargas puntuales. Debe revisarse cama, pendiente y relleno.
Instalaciones Sanitarias en Viviendas;¿Qué error frecuente se comete con el apoyo de tuberías enterradas?;El error frecuente es dejarla suspendida entre piedras. Esto puede causar rotura y pérdida de pendiente.
Instalaciones Sanitarias en Viviendas;¿Qué consecuencias puede tener el error de dejarla suspendida entre piedras?;Este error puede generar rotura y pérdida de pendiente. La acción correcta es recolocar correctamente.
Instalaciones Sanitarias en Viviendas;¿Por qué es importante controlar el apoyo de tuberías enterradas?;Porque una ejecución incorrecta puede causar rotura y pérdida de pendiente. La referencia correcta es: No. Necesita apoyo uniforme y relleno lateral compatible, sin cargas puntuales.
Instalaciones Sanitarias en Viviendas;¿Puedo colocar un tanque de agua en cualquier parte de la azotea?;No. Es una carga concentrada y necesita base, apoyos y anclaje diseñados.
Instalaciones Sanitarias en Viviendas;¿Existe una medida mínima universal para el tanque elevado?;No. Es una carga concentrada y necesita base, apoyos y anclaje diseñados.
Instalaciones Sanitarias en Viviendas;¿Cómo se verifica el tanque elevado en obra?;No. Es una carga concentrada y necesita base, apoyos y anclaje diseñados. Debe revisarse capacidad, ubicación y estructura.
Instalaciones Sanitarias en Viviendas;¿Qué error frecuente se comete con el tanque elevado?;El error frecuente es apoyarlo sobre ladrillos de techo. Esto puede causar fisuras o caída.
Instalaciones Sanitarias en Viviendas;¿Qué consecuencias puede tener el error de apoyarlo sobre ladrillos de techo?;Este error puede generar fisuras o caída. La acción correcta es diseñar el soporte.
Instalaciones Sanitarias en Viviendas;¿Por qué es importante controlar el tanque elevado?;Porque una ejecución incorrecta puede causar fisuras o caída. La referencia correcta es: No. Es una carga concentrada y necesita base, apoyos y anclaje diseñados.
Instalaciones Sanitarias en Viviendas;¿Una cisterna puede excavarse pegada a los cimientos?;Solo con diseño que controle excavación, presión, impermeabilización y efecto sobre cimentaciones.
Instalaciones Sanitarias en Viviendas;¿Existe una medida mínima universal para la cisterna junto a cimentaciones?;Solo con diseño que controle excavación, presión, impermeabilización y efecto sobre cimentaciones.
Instalaciones Sanitarias en Viviendas;¿Cómo se verifica la cisterna junto a cimentaciones en obra?;Solo con diseño que controle excavación, presión, impermeabilización y efecto sobre cimentaciones. Debe revisarse distancia, profundidad y sostenimiento.
Instalaciones Sanitarias en Viviendas;¿Qué error frecuente se comete con la cisterna junto a cimentaciones?;El error frecuente es socavar el cimiento. Esto puede causar asentamiento y filtración.
Instalaciones Sanitarias en Viviendas;¿Qué consecuencias puede tener el error de socavar el cimiento?;Este error puede generar asentamiento y filtración. La acción correcta es rediseñar y estabilizar.
Instalaciones Sanitarias en Viviendas;¿Por qué es importante controlar la cisterna junto a cimentaciones?;Porque una ejecución incorrecta puede causar asentamiento y filtración. La referencia correcta es: Solo con diseño que controle excavación, presión, impermeabilización y efecto sobre cimentaciones.
Instalaciones Sanitarias en Viviendas;¿Las tuberías de agua y desagüe pueden ir juntas?;Deben respetar separaciones, niveles y protecciones para evitar contaminación y facilitar mantenimiento.
Instalaciones Sanitarias en Viviendas;¿Qué establece el RNE sobre la separación agua-desagüe?;Deben respetar separaciones, niveles y protecciones para evitar contaminación y facilitar mantenimiento.
Instalaciones Sanitarias en Viviendas;¿Cómo se verifica la separación agua-desagüe en obra?;Deben respetar separaciones, niveles y protecciones para evitar contaminación y facilitar mantenimiento. Debe revisarse distancia, cruces y fugas.
Instalaciones Sanitarias en Viviendas;¿Qué error frecuente se comete con la separación agua-desagüe?;El error frecuente es poner agua debajo de un desagüe con fuga. Esto puede causar contaminación.
Instalaciones Sanitarias en Viviendas;¿Qué consecuencias puede tener el error de poner agua debajo de un desagüe con fuga?;Este error puede generar contaminación. La acción correcta es corregir según IS.010.
Instalaciones Sanitarias en Viviendas;¿Por qué es importante controlar la separación agua-desagüe?;Porque una ejecución incorrecta puede causar contaminación. La referencia correcta es: Deben respetar separaciones, niveles y protecciones para evitar contaminación y facilitar mantenimiento.
Instalaciones Sanitarias en Viviendas;¿Por qué sale mal olor del baño?;"Puede ser trampa sin agua, ventilación deficiente, sello roto o registro abierto; debe revisarse la red."
Instalaciones Sanitarias en Viviendas;¿Cuál es la forma correcta de resolver los malos olores en una vivienda autoconstruida?;"Puede ser trampa sin agua, ventilación deficiente, sello roto o registro abierto; debe revisarse la red."
Instalaciones Sanitarias en Viviendas;¿Cómo se verifica los malos olores en obra?;"Puede ser trampa sin agua, ventilación deficiente, sello roto o registro abierto; debe revisarse la red. Debe revisarse trampas, ventilación y aparatos."
Instalaciones Sanitarias en Viviendas;¿Qué error frecuente se comete con los malos olores?;El error frecuente es tapar el olor sin corregir la causa. Esto puede causar retorno de gases.
Instalaciones Sanitarias en Viviendas;¿Qué consecuencias puede tener el error de tapar el olor sin corregir la causa?;Este error puede generar retorno de gases. La acción correcta es diagnosticar y reparar.
Instalaciones Sanitarias en Viviendas;¿Por qué es importante controlar los malos olores?;"Porque una ejecución incorrecta puede causar retorno de gases. La referencia correcta es: Puede ser trampa sin agua, ventilación deficiente, sello roto o registro abierto; debe revisarse la red."
Instalaciones Sanitarias en Viviendas;¿Hasta dónde se impermeabiliza un baño?;Depende del sistema y zonas mojadas. Debe ser continua en piso, encuentros, pases y paredes de ducha y probarse antes del enchape.
Instalaciones Sanitarias en Viviendas;¿Existe una medida mínima universal para la impermeabilización del baño?;Depende del sistema y zonas mojadas. Debe ser continua en piso, encuentros, pases y paredes de ducha y probarse antes del enchape.
Instalaciones Sanitarias en Viviendas;¿Cómo se verifica la impermeabilización del baño en obra?;Depende del sistema y zonas mojadas. Debe ser continua en piso, encuentros, pases y paredes de ducha y probarse antes del enchape. Debe revisarse piso, paredes, sumidero y prueba.
Instalaciones Sanitarias en Viviendas;¿Qué error frecuente se comete con la impermeabilización del baño?;El error frecuente es pintar solo alrededor del desagüe. Esto puede causar filtración inferior.
Instalaciones Sanitarias en Viviendas;¿Qué consecuencias puede tener el error de pintar solo alrededor del desagüe?;Este error puede generar filtración inferior. La acción correcta es rehacer el sistema.
Instalaciones Sanitarias en Viviendas;¿Por qué es importante controlar la impermeabilización del baño?;Porque una ejecución incorrecta puede causar filtración inferior. La referencia correcta es: Depende del sistema y zonas mojadas. Debe ser continua en piso, encuentros, pases y paredes de ducha y probarse antes del enchape.
Instalaciones Sanitarias en Viviendas;¿Cómo se elige una bomba de agua?;"Con caudal y altura dinámica, pérdidas, presión y control; no solo por potencia."
Instalaciones Sanitarias en Viviendas;¿Existe una medida mínima universal para la selección de bomba?;"Con caudal y altura dinámica, pérdidas, presión y control; no solo por potencia."
Instalaciones Sanitarias en Viviendas;¿Cómo se verifica la selección de bomba en obra?;"Con caudal y altura dinámica, pérdidas, presión y control; no solo por potencia. Debe revisarse curva, alturas y diámetros."
Instalaciones Sanitarias en Viviendas;¿Qué error frecuente se comete con la selección de bomba?;El error frecuente es elegir una bomba al azar. Esto puede causar cavitación y mala presión.
Instalaciones Sanitarias en Viviendas;¿Qué consecuencias puede tener el error de elegir una bomba al azar?;Este error puede generar cavitación y mala presión. La acción correcta es dimensionar el sistema.
Instalaciones Sanitarias en Viviendas;¿Por qué es importante controlar la selección de bomba?;"Porque una ejecución incorrecta puede causar cavitación y mala presión. La referencia correcta es: Con caudal y altura dinámica, pérdidas, presión y control; no solo por potencia."
Instalaciones Eléctricas en Viviendas;¿Qué calibre de cable debe usarse?;No hay uno para todo. Se calcula por carga, longitud, caída de tensión, temperatura, canalización y protección.
Instalaciones Eléctricas en Viviendas;¿Existe una medida mínima universal para la sección de conductores?;No hay uno para todo. Se calcula por carga, longitud, caída de tensión, temperatura, canalización y protección.
Instalaciones Eléctricas en Viviendas;¿Cómo se verifica la sección de conductores en obra?;No hay uno para todo. Se calcula por carga, longitud, caída de tensión, temperatura, canalización y protección. Debe revisarse carga, sección, aislamiento y llave.
Instalaciones Eléctricas en Viviendas;¿Qué error frecuente se comete con la sección de conductores?;El error frecuente es usar cable delgado para toda la casa. Esto puede causar recalentamiento e incendio.
Instalaciones Eléctricas en Viviendas;¿Qué consecuencias puede tener el error de usar cable delgado para toda la casa?;Este error puede generar recalentamiento e incendio. La acción correcta es calcular cada circuito.
Instalaciones Eléctricas en Viviendas;¿Por qué es importante controlar la sección de conductores?;Porque una ejecución incorrecta puede causar recalentamiento e incendio. La referencia correcta es: No hay uno para todo. Se calcula por carga, longitud, caída de tensión, temperatura, canalización y protección.
Instalaciones Eléctricas en Viviendas;¿Qué amperaje debe tener la llave?;"Debe proteger al conductor y corresponder a la carga y capacidad de corte; no se aumenta para que no dispare."
Instalaciones Eléctricas en Viviendas;¿Existe una medida mínima universal para el amperaje de termomagnéticos?;"Debe proteger al conductor y corresponder a la carga y capacidad de corte; no se aumenta para que no dispare."
Instalaciones Eléctricas en Viviendas;¿Cómo se verifica el amperaje de termomagnéticos en obra?;"Debe proteger al conductor y corresponder a la carga y capacidad de corte; no se aumenta para que no dispare. Debe revisarse cable, carga y capacidad."
Instalaciones Eléctricas en Viviendas;¿Qué error frecuente se comete con el amperaje de termomagnéticos?;El error frecuente es poner llave grande con cable pequeño. Esto puede causar incendio.
Instalaciones Eléctricas en Viviendas;¿Qué consecuencias puede tener el error de poner llave grande con cable pequeño?;Este error puede generar incendio. La acción correcta es coordinar protección y conductor.
Instalaciones Eléctricas en Viviendas;¿Por qué es importante controlar el amperaje de termomagnéticos?;"Porque una ejecución incorrecta puede causar incendio. La referencia correcta es: Debe proteger al conductor y corresponder a la carga y capacidad de corte; no se aumenta para que no dispare."
Instalaciones Eléctricas en Viviendas;¿Es necesario un diferencial?;Sí, es protección fundamental contra fugas y contactos, especialmente en zonas húmedas, y debe probarse.
Instalaciones Eléctricas en Viviendas;¿Qué establece el RNE sobre el interruptor diferencial?;Sí, es protección fundamental contra fugas y contactos, especialmente en zonas húmedas, y debe probarse.
Instalaciones Eléctricas en Viviendas;¿Cómo se verifica el interruptor diferencial en obra?;Sí, es protección fundamental contra fugas y contactos, especialmente en zonas húmedas, y debe probarse. Debe revisarse botón de prueba, sensibilidad y conexión.
Instalaciones Eléctricas en Viviendas;¿Qué error frecuente se comete con el interruptor diferencial?;El error frecuente es puentearlo porque dispara. Esto puede causar electrocución.
Instalaciones Eléctricas en Viviendas;¿Qué consecuencias puede tener el error de puentearlo porque dispara?;Este error puede generar electrocución. La acción correcta es localizar la fuga.
Instalaciones Eléctricas en Viviendas;¿Por qué es importante controlar el interruptor diferencial?;Porque una ejecución incorrecta puede causar electrocución. La referencia correcta es: Sí, es protección fundamental contra fugas y contactos, especialmente en zonas húmedas, y debe probarse.
Instalaciones Eléctricas en Viviendas;¿Toda vivienda necesita puesta a tierra?;"Sí. Debe diseñarse, conectarse y medirse; una varilla sin continuidad no basta."
Instalaciones Eléctricas en Viviendas;¿Qué establece el RNE sobre la puesta a tierra?;"Sí. Debe diseñarse, conectarse y medirse; una varilla sin continuidad no basta."
Instalaciones Eléctricas en Viviendas;¿Cómo se verifica la puesta a tierra en obra?;"Sí. Debe diseñarse, conectarse y medirse; una varilla sin continuidad no basta. Debe revisarse electrodo, conductor, barra y medición."
Instalaciones Eléctricas en Viviendas;¿Qué error frecuente se comete con la puesta a tierra?;El error frecuente es tener tomas de tres agujeros sin tierra. Esto puede causar falsa seguridad.
Instalaciones Eléctricas en Viviendas;¿Qué consecuencias puede tener el error de tener tomas de tres agujeros sin tierra?;Este error puede generar falsa seguridad. La acción correcta es completar y medir.
Instalaciones Eléctricas en Viviendas;¿Por qué es importante controlar la puesta a tierra?;"Porque una ejecución incorrecta puede causar falsa seguridad. La referencia correcta es: Sí. Debe diseñarse, conectarse y medirse; una varilla sin continuidad no basta."
Instalaciones Eléctricas en Viviendas;¿Se puede tarrajear un cable dentro del muro?;No. Debe ir en canalización adecuada y cajas accesibles.
Instalaciones Eléctricas en Viviendas;¿Cuál es la forma correcta de resolver los cables directamente tarrajeados en una vivienda autoconstruida?;No. Debe ir en canalización adecuada y cajas accesibles.
Instalaciones Eléctricas en Viviendas;¿Cómo se verifica los cables directamente tarrajeados en obra?;No. Debe ir en canalización adecuada y cajas accesibles. Debe revisarse tuberías y cajas.
Instalaciones Eléctricas en Viviendas;¿Qué error frecuente se comete con los cables directamente tarrajeados?;El error frecuente es cubrir cable desnudo o directo. Esto puede causar daño de aislamiento.
Instalaciones Eléctricas en Viviendas;¿Qué consecuencias puede tener el error de cubrir cable desnudo o directo?;Este error puede generar daño de aislamiento. La acción correcta es instalar canalización.
Instalaciones Eléctricas en Viviendas;¿Por qué es importante controlar los cables directamente tarrajeados?;Porque una ejecución incorrecta puede causar daño de aislamiento. La referencia correcta es: No. Debe ir en canalización adecuada y cajas accesibles.
Instalaciones Eléctricas en Viviendas;¿Se pueden dejar empalmes dentro del muro?;No. Deben quedar en cajas accesibles y con conectores apropiados.
Instalaciones Eléctricas en Viviendas;¿Qué establece el RNE sobre los empalmes ocultos?;No. Deben quedar en cajas accesibles y con conectores apropiados.
Instalaciones Eléctricas en Viviendas;¿Cómo se verifica los empalmes ocultos en obra?;No. Deben quedar en cajas accesibles y con conectores apropiados. Debe revisarse cajas, aislamiento y acceso.
Instalaciones Eléctricas en Viviendas;¿Qué error frecuente se comete con los empalmes ocultos?;El error frecuente es cubrir un empalme con tarrajeo. Esto puede causar arco e incendio.
Instalaciones Eléctricas en Viviendas;¿Qué consecuencias puede tener el error de cubrir un empalme con tarrajeo?;Este error puede generar arco e incendio. La acción correcta es rehacer en caja.
Instalaciones Eléctricas en Viviendas;¿Por qué es importante controlar los empalmes ocultos?;Porque una ejecución incorrecta puede causar arco e incendio. La referencia correcta es: No. Deben quedar en cajas accesibles y con conectores apropiados.
Instalaciones Eléctricas en Viviendas;¿Una ducha eléctrica puede ir a cualquier tomacorriente?;No. Necesita circuito, conductor, protección, diferencial y tierra dimensionados.
Instalaciones Eléctricas en Viviendas;¿Existe una medida mínima universal para los circuitos de alta potencia?;No. Necesita circuito, conductor, protección, diferencial y tierra dimensionados.
Instalaciones Eléctricas en Viviendas;¿Cómo se verifica los circuitos de alta potencia en obra?;No. Necesita circuito, conductor, protección, diferencial y tierra dimensionados. Debe revisarse potencia, cable, llave y tierra.
Instalaciones Eléctricas en Viviendas;¿Qué error frecuente se comete con los circuitos de alta potencia?;El error frecuente es conectarla con extensión. Esto puede causar electrocución e incendio.
Instalaciones Eléctricas en Viviendas;¿Qué consecuencias puede tener el error de conectarla con extensión?;Este error puede generar electrocución e incendio. La acción correcta es instalar circuito dedicado.
Instalaciones Eléctricas en Viviendas;¿Por qué es importante controlar los circuitos de alta potencia?;Porque una ejecución incorrecta puede causar electrocución e incendio. La referencia correcta es: No. Necesita circuito, conductor, protección, diferencial y tierra dimensionados.
Instalaciones Eléctricas en Viviendas;¿Dónde debe ir el tablero eléctrico?;En lugar accesible, seco, señalizado y libre de obstáculos, permitiendo cortar la energía.
Instalaciones Eléctricas en Viviendas;¿Existe una medida mínima universal para la ubicación del tablero?;En lugar accesible, seco, señalizado y libre de obstáculos, permitiendo cortar la energía.
Instalaciones Eléctricas en Viviendas;¿Cómo se verifica la ubicación del tablero en obra?;En lugar accesible, seco, señalizado y libre de obstáculos, permitiendo cortar la energía. Debe revisarse acceso, humedad y rotulado.
Instalaciones Eléctricas en Viviendas;¿Qué error frecuente se comete con la ubicación del tablero?;El error frecuente es ocultarlo detrás de un mueble. Esto puede causar demora en emergencia.
Instalaciones Eléctricas en Viviendas;¿Qué consecuencias puede tener el error de ocultarlo detrás de un mueble?;Este error puede generar demora en emergencia. La acción correcta es reubicar o liberar.
Instalaciones Eléctricas en Viviendas;¿Por qué es importante controlar la ubicación del tablero?;Porque una ejecución incorrecta puede causar demora en emergencia. La referencia correcta es: En lugar accesible, seco, señalizado y libre de obstáculos, permitiendo cortar la energía.
Instalaciones Eléctricas en Viviendas;¿Puedo llenar una tubería con todos los cables que entren?;No. Debe permitir disipación y reemplazo sin dañar conductores.
Instalaciones Eléctricas en Viviendas;¿Existe una medida mínima universal para la ocupación de tuberías eléctricas?;No. Debe permitir disipación y reemplazo sin dañar conductores.
Instalaciones Eléctricas en Viviendas;¿Cómo se verifica la ocupación de tuberías eléctricas en obra?;No. Debe permitir disipación y reemplazo sin dañar conductores. Debe revisarse cantidad, sección, diámetro y curvas.
Instalaciones Eléctricas en Viviendas;¿Qué error frecuente se comete con la ocupación de tuberías eléctricas?;El error frecuente es forzar demasiados cables. Esto puede causar sobrecalentamiento y daño.
Instalaciones Eléctricas en Viviendas;¿Qué consecuencias puede tener el error de forzar demasiados cables?;Este error puede generar sobrecalentamiento y daño. La acción correcta es aumentar canalización.
Instalaciones Eléctricas en Viviendas;¿Por qué es importante controlar la ocupación de tuberías eléctricas?;Porque una ejecución incorrecta puede causar sobrecalentamiento y daño. La referencia correcta es: No. Debe permitir disipación y reemplazo sin dañar conductores.
Instalaciones Eléctricas en Viviendas;¿Se puede colocar cualquier tomacorriente cerca de la ducha?;No. Requiere ubicación y grado de protección adecuados, diferencial y puesta a tierra.
Instalaciones Eléctricas en Viviendas;¿Qué establece el RNE sobre los tomacorrientes en baños?;No. Requiere ubicación y grado de protección adecuados, diferencial y puesta a tierra.
Instalaciones Eléctricas en Viviendas;¿Cómo se verifica los tomacorrientes en baños en obra?;No. Requiere ubicación y grado de protección adecuados, diferencial y puesta a tierra. Debe revisarse distancia, tapa, tierra y humedad.
Instalaciones Eléctricas en Viviendas;¿Qué error frecuente se comete con los tomacorrientes en baños?;El error frecuente es usar un accesorio interior junto al agua. Esto puede causar electrocución.
Instalaciones Eléctricas en Viviendas;¿Qué consecuencias puede tener el error de usar un accesorio interior junto al agua?;Este error puede generar electrocución. La acción correcta es reubicar y usar equipo apto.
Instalaciones Eléctricas en Viviendas;¿Por qué es importante controlar los tomacorrientes en baños?;Porque una ejecución incorrecta puede causar electrocución. La referencia correcta es: No. Requiere ubicación y grado de protección adecuados, diferencial y puesta a tierra.
Instalaciones Eléctricas en Viviendas;¿Se pueden usar extensiones y empalmes durante la obra?;Solo sistemas temporales seguros con tablero, protección, tierra y cables íntegros, lejos del agua.
Instalaciones Eléctricas en Viviendas;¿Cuál es la forma correcta de resolver la electricidad temporal de obra en una vivienda autoconstruida?;Solo sistemas temporales seguros con tablero, protección, tierra y cables íntegros, lejos del agua.
Instalaciones Eléctricas en Viviendas;¿Cómo se verifica la electricidad temporal de obra en obra?;Solo sistemas temporales seguros con tablero, protección, tierra y cables íntegros, lejos del agua. Debe revisarse empalmes, tablero y aislamiento.
Instalaciones Eléctricas en Viviendas;¿Qué error frecuente se comete con la electricidad temporal de obra?;El error frecuente es pasar cables por charcos. Esto puede causar electrocución.
Instalaciones Eléctricas en Viviendas;¿Qué consecuencias puede tener el error de pasar cables por charcos?;Este error puede generar electrocución. La acción correcta es desenergizar y rehacer.
Instalaciones Eléctricas en Viviendas;¿Por qué es importante controlar la electricidad temporal de obra?;Porque una ejecución incorrecta puede causar electrocución. La referencia correcta es: Solo sistemas temporales seguros con tablero, protección, tierra y cables íntegros, lejos del agua.
Instalaciones Eléctricas en Viviendas;¿Cómo dejo preparada la instalación para más equipos?;Estimando demanda futura y reservando capacidad en alimentador, tablero, tuberías y puesta a tierra.
Instalaciones Eléctricas en Viviendas;¿Existe una medida mínima universal para la previsión de cargas futuras?;Estimando demanda futura y reservando capacidad en alimentador, tablero, tuberías y puesta a tierra.
Instalaciones Eléctricas en Viviendas;¿Cómo se verifica la previsión de cargas futuras en obra?;Estimando demanda futura y reservando capacidad en alimentador, tablero, tuberías y puesta a tierra. Debe revisarse espacios, demanda y suministro.
Instalaciones Eléctricas en Viviendas;¿Qué error frecuente se comete con la previsión de cargas futuras?;El error frecuente es agregar cargas a tablero saturado. Esto puede causar sobrecarga.
Instalaciones Eléctricas en Viviendas;¿Qué consecuencias puede tener el error de agregar cargas a tablero saturado?;Este error puede generar sobrecarga. La acción correcta es proyectar la ampliación.
Instalaciones Eléctricas en Viviendas;¿Por qué es importante controlar la previsión de cargas futuras?;Porque una ejecución incorrecta puede causar sobrecarga. La referencia correcta es: Estimando demanda futura y reservando capacidad en alimentador, tablero, tuberías y puesta a tierra.
Impermeabilización, Humedad y Drenaje;¿Qué pendiente mínima debe tener una azotea?;No hay una única para todos los sistemas. Debe garantizar drenaje sin empozamientos y ser compatible con el impermeabilizante.
Impermeabilización, Humedad y Drenaje;¿Existe una medida mínima universal para la pendiente de azotea?;No hay una única para todos los sistemas. Debe garantizar drenaje sin empozamientos y ser compatible con el impermeabilizante.
Impermeabilización, Humedad y Drenaje;¿Cómo se verifica la pendiente de azotea en obra?;No hay una única para todos los sistemas. Debe garantizar drenaje sin empozamientos y ser compatible con el impermeabilizante. Debe revisarse cotas, sumideros y prueba de agua.
Impermeabilización, Humedad y Drenaje;¿Qué error frecuente se comete con la pendiente de azotea?;El error frecuente es dejar contrapendientes. Esto puede causar filtraciones.
Impermeabilización, Humedad y Drenaje;¿Por qué es importante controlar la pendiente de azotea?;Porque una ejecución incorrecta puede causar filtraciones. La referencia correcta es: No hay una única para todos los sistemas. Debe garantizar drenaje sin empozamientos y ser compatible con el impermeabilizante.
Impermeabilización, Humedad y Drenaje;¿Debe hacerse prueba de agua antes del enchape?;Sí. El sistema impermeable debe probarse y no cubrirse si pierde agua.
Impermeabilización, Humedad y Drenaje;¿Cuál es la forma correcta de resolver la prueba de estanqueidad en una vivienda autoconstruida?;Sí. El sistema impermeable debe probarse y no cubrirse si pierde agua.
Impermeabilización, Humedad y Drenaje;¿Cómo se verifica la prueba de estanqueidad en obra?;Sí. El sistema impermeable debe probarse y no cubrirse si pierde agua. Debe revisarse nivel inicial y final y manchas.
Impermeabilización, Humedad y Drenaje;¿Qué error frecuente se comete con la prueba de estanqueidad?;El error frecuente es enchapar sin probar. Esto puede causar filtración oculta.
Impermeabilización, Humedad y Drenaje;¿Por qué es importante controlar la prueba de estanqueidad?;Porque una ejecución incorrecta puede causar filtración oculta. La referencia correcta es: Sí. El sistema impermeable debe probarse y no cubrirse si pierde agua.
Impermeabilización, Humedad y Drenaje;¿Para qué sirve la media caña en piso y muro?;Evita un ángulo vivo y permite continuidad de la impermeabilización.
Impermeabilización, Humedad y Drenaje;¿Cuál es la forma correcta de resolver las medias cañas en una vivienda autoconstruida?;Evita un ángulo vivo y permite continuidad de la impermeabilización.
Impermeabilización, Humedad y Drenaje;¿Cómo se verifica las medias cañas en obra?;Evita un ángulo vivo y permite continuidad de la impermeabilización. Debe revisarse radio, adherencia y continuidad.
Impermeabilización, Humedad y Drenaje;¿Qué error frecuente se comete con las medias cañas?;El error frecuente es doblar membrana sobre esquina quebrada. Esto puede causar fisura en el encuentro.
Impermeabilización, Humedad y Drenaje;¿Qué consecuencias puede tener el error de doblar membrana sobre esquina quebrada?;Este error puede generar fisura en el encuentro. La acción correcta es reconstruir la media caña.
Impermeabilización, Humedad y Drenaje;¿Por qué es importante controlar las medias cañas?;Porque una ejecución incorrecta puede causar fisura en el encuentro. La referencia correcta es: Evita un ángulo vivo y permite continuidad de la impermeabilización.
Impermeabilización, Humedad y Drenaje;¿Cómo se protege un muro en contacto con tierra?;Con drenaje, impermeabilización por el lado de ingreso y protección mecánica.
Impermeabilización, Humedad y Drenaje;¿Existe una medida mínima universal para los muros enterrados?;Con drenaje, impermeabilización por el lado de ingreso y protección mecánica.
Impermeabilización, Humedad y Drenaje;¿Cómo se verifica los muros enterrados en obra?;Con drenaje, impermeabilización por el lado de ingreso y protección mecánica. Debe revisarse membrana exterior, dren y descarga.
Impermeabilización, Humedad y Drenaje;¿Qué error frecuente se comete con los muros enterrados?;El error frecuente es rellenar sin drenaje. Esto puede causar humedad y presión de agua.
Impermeabilización, Humedad y Drenaje;¿Qué consecuencias puede tener el error de rellenar sin drenaje?;Este error puede generar humedad y presión de agua. La acción correcta es intervenir el lado exterior.
Impermeabilización, Humedad y Drenaje;¿Por qué es importante controlar los muros enterrados?;Porque una ejecución incorrecta puede causar humedad y presión de agua. La referencia correcta es: Con drenaje, impermeabilización por el lado de ingreso y protección mecánica.
Impermeabilización, Humedad y Drenaje;¿Cómo se elimina la humedad que sube del piso?;"Cortando la fuente con drenaje, barrera, niveles o reparación de fugas; pintar no basta."
Impermeabilización, Humedad y Drenaje;¿Cuál es la forma correcta de resolver la humedad capilar en una vivienda autoconstruida?;"Cortando la fuente con drenaje, barrera, niveles o reparación de fugas; pintar no basta."
Impermeabilización, Humedad y Drenaje;¿Cómo se verifica la humedad capilar en obra?;"Cortando la fuente con drenaje, barrera, niveles o reparación de fugas; pintar no basta. Debe revisarse altura, exterior y tuberías."
Impermeabilización, Humedad y Drenaje;¿Qué error frecuente se comete con la humedad capilar?;El error frecuente es cubrir con pintura. Esto puede causar deterioro recurrente.
Impermeabilización, Humedad y Drenaje;¿Qué consecuencias puede tener el error de cubrir con pintura?;Este error puede generar deterioro recurrente. La acción correcta es eliminar la causa.
Impermeabilización, Humedad y Drenaje;¿Por qué es importante controlar la humedad capilar?;"Porque una ejecución incorrecta puede causar deterioro recurrente. La referencia correcta es: Cortando la fuente con drenaje, barrera, niveles o reparación de fugas; pintar no basta."
Impermeabilización, Humedad y Drenaje;¿Por qué aparece polvo blanco en la pared?;Son sales transportadas por agua. Debe identificarse la humedad y el material que aporta sales.
Impermeabilización, Humedad y Drenaje;¿Cuál es la forma correcta de resolver la eflorescencia en una vivienda autoconstruida?;Son sales transportadas por agua. Debe identificarse la humedad y el material que aporta sales.
Impermeabilización, Humedad y Drenaje;¿Cómo se verifica la eflorescencia en obra?;Son sales transportadas por agua. Debe identificarse la humedad y el material que aporta sales. Debe revisarse humedad, agua, suelo y ladrillos.
Impermeabilización, Humedad y Drenaje;¿Qué error frecuente se comete con la eflorescencia?;El error frecuente es pintar sobre salitre activo. Esto puede causar ampollamiento.
Impermeabilización, Humedad y Drenaje;¿Qué consecuencias puede tener el error de pintar sobre salitre activo?;Este error puede generar ampollamiento. La acción correcta es eliminar humedad y limpiar.
Impermeabilización, Humedad y Drenaje;¿Por qué es importante controlar la eflorescencia?;Porque una ejecución incorrecta puede causar ampollamiento. La referencia correcta es: Son sales transportadas por agua. Debe identificarse la humedad y el material que aporta sales.
Impermeabilización, Humedad y Drenaje;¿Cuántos sumideros necesita una azotea?;Depende del área, lluvia, pendiente, tuberías y reboses. Un único punto pequeño puede ser insuficiente.
Impermeabilización, Humedad y Drenaje;¿Existe una medida mínima universal para los sumideros de azotea?;Depende del área, lluvia, pendiente, tuberías y reboses. Un único punto pequeño puede ser insuficiente.
Impermeabilización, Humedad y Drenaje;¿Cómo se verifica los sumideros de azotea en obra?;Depende del área, lluvia, pendiente, tuberías y reboses. Un único punto pequeño puede ser insuficiente. Debe revisarse área, diámetro, rejilla y rebose.
Impermeabilización, Humedad y Drenaje;¿Qué error frecuente se comete con los sumideros de azotea?;El error frecuente es depender de un sumidero que se tapa. Esto puede causar inundación.
Impermeabilización, Humedad y Drenaje;¿Qué consecuencias puede tener el error de depender de un sumidero que se tapa?;Este error puede generar inundación. La acción correcta es redimensionar y mantener.
Impermeabilización, Humedad y Drenaje;¿Por qué es importante controlar los sumideros de azotea?;Porque una ejecución incorrecta puede causar inundación. La referencia correcta es: Depende del área, lluvia, pendiente, tuberías y reboses. Un único punto pequeño puede ser insuficiente.
Impermeabilización, Humedad y Drenaje;¿La bajante puede descargar al pie del muro?;No debe concentrar agua junto a cimientos. Debe conducirla a un punto seguro.
Impermeabilización, Humedad y Drenaje;¿Cuál es la forma correcta de resolver la descarga junto al cimiento en una vivienda autoconstruida?;No debe concentrar agua junto a cimientos. Debe conducirla a un punto seguro.
Impermeabilización, Humedad y Drenaje;¿Cómo se verifica la descarga junto al cimiento en obra?;No debe concentrar agua junto a cimientos. Debe conducirla a un punto seguro. Debe revisarse salida, erosión y pendiente.
Impermeabilización, Humedad y Drenaje;¿Qué error frecuente se comete con la descarga junto al cimiento?;El error frecuente es dejar caer agua junto a la base. Esto puede causar socavación y humedad.
Impermeabilización, Humedad y Drenaje;¿Qué consecuencias puede tener el error de dejar caer agua junto a la base?;Este error puede generar socavación y humedad. La acción correcta es prolongar la descarga.
Impermeabilización, Humedad y Drenaje;¿Por qué es importante controlar la descarga junto al cimiento?;Porque una ejecución incorrecta puede causar socavación y humedad. La referencia correcta es: No debe concentrar agua junto a cimientos. Debe conducirla a un punto seguro.
Impermeabilización, Humedad y Drenaje;¿Por qué entra agua alrededor de una ventana?;"Puede fallar el sello, alféizar, goterón o drenaje del marco; debe repararse el encuentro completo."
Impermeabilización, Humedad y Drenaje;¿Cuál es la forma correcta de resolver el sellado de ventanas en una vivienda autoconstruida?;"Puede fallar el sello, alféizar, goterón o drenaje del marco; debe repararse el encuentro completo."
Impermeabilización, Humedad y Drenaje;¿Cómo se verifica el sellado de ventanas en obra?;"Puede fallar el sello, alféizar, goterón o drenaje del marco; debe repararse el encuentro completo. Debe revisarse juntas, pendiente y drenajes."
Impermeabilización, Humedad y Drenaje;¿Qué error frecuente se comete con el sellado de ventanas?;El error frecuente es poner silicona sobre suciedad. Esto puede causar filtración recurrente.
Impermeabilización, Humedad y Drenaje;¿Qué consecuencias puede tener el error de poner silicona sobre suciedad?;Este error puede generar filtración recurrente. La acción correcta es rehacer el encuentro.
Impermeabilización, Humedad y Drenaje;¿Por qué es importante controlar el sellado de ventanas?;"Porque una ejecución incorrecta puede causar filtración recurrente. La referencia correcta es: Puede fallar el sello, alféizar, goterón o drenaje del marco; debe repararse el encuentro completo."
Impermeabilización, Humedad y Drenaje;¿Se puede impermeabilizar sobre una grieta?;Solo después de clasificarla y tratarla. Una membrana no corrige una junta activa o falla estructural.
Impermeabilización, Humedad y Drenaje;¿Existe una medida mínima universal para las fisuras bajo impermeabilización?;Solo después de clasificarla y tratarla. Una membrana no corrige una junta activa o falla estructural.
Impermeabilización, Humedad y Drenaje;¿Cómo se verifica las fisuras bajo impermeabilización en obra?;Solo después de clasificarla y tratarla. Una membrana no corrige una junta activa o falla estructural. Debe revisarse ancho, movimiento y causa.
Impermeabilización, Humedad y Drenaje;¿Qué error frecuente se comete con las fisuras bajo impermeabilización?;El error frecuente es cubrir una grieta activa. Esto puede causar rotura de membrana.
Impermeabilización, Humedad y Drenaje;¿Qué consecuencias puede tener el error de cubrir una grieta activa?;Este error puede generar rotura de membrana. La acción correcta es reparar o diseñar junta.
Impermeabilización, Humedad y Drenaje;¿Por qué es importante controlar las fisuras bajo impermeabilización?;Porque una ejecución incorrecta puede causar rotura de membrana. La referencia correcta es: Solo después de clasificarla y tratarla. Una membrana no corrige una junta activa o falla estructural.
Impermeabilización, Humedad y Drenaje;¿Se puede usar cualquier impermeabilizante en una cisterna?;No. Debe ser compatible y apto para agua potable cuando corresponda, con tratamiento de juntas y prueba.
Impermeabilización, Humedad y Drenaje;¿Cuál es la forma correcta de resolver la cisterna impermeabilizada en una vivienda autoconstruida?;No. Debe ser compatible y apto para agua potable cuando corresponda, con tratamiento de juntas y prueba.
Impermeabilización, Humedad y Drenaje;¿Cómo se verifica la cisterna impermeabilizada en obra?;No. Debe ser compatible y apto para agua potable cuando corresponda, con tratamiento de juntas y prueba. Debe revisarse ficha, preparación y curado.
Impermeabilización, Humedad y Drenaje;¿Qué error frecuente se comete con la cisterna impermeabilizada?;El error frecuente es usar producto no apto. Esto puede causar contaminación y desprendimiento.
Impermeabilización, Humedad y Drenaje;¿Qué consecuencias puede tener el error de usar producto no apto?;Este error puede generar contaminación y desprendimiento. La acción correcta es usar sistema certificado.
Impermeabilización, Humedad y Drenaje;¿Por qué es importante controlar la cisterna impermeabilizada?;Porque una ejecución incorrecta puede causar contaminación y desprendimiento. La referencia correcta es: No. Debe ser compatible y apto para agua potable cuando corresponda, con tratamiento de juntas y prueba.
Impermeabilización, Humedad y Drenaje;¿La pintura antihumedad resuelve una filtración?;No por sí sola. Primero se elimina la entrada de agua o fuga.
Impermeabilización, Humedad y Drenaje;¿Cuál es la forma correcta de resolver la pintura antihumedad en una vivienda autoconstruida?;No por sí sola. Primero se elimina la entrada de agua o fuga.
Impermeabilización, Humedad y Drenaje;¿Cómo se verifica la pintura antihumedad en obra?;No por sí sola. Primero se elimina la entrada de agua o fuga. Debe revisarse momento de aparición y recorrido.
Impermeabilización, Humedad y Drenaje;¿Qué error frecuente se comete con la pintura antihumedad?;El error frecuente es repintar repetidamente. Esto puede causar moho y daño oculto.
Impermeabilización, Humedad y Drenaje;¿Qué consecuencias puede tener el error de repintar repetidamente?;Este error puede generar moho y daño oculto. La acción correcta es reparar la fuente.
Impermeabilización, Humedad y Drenaje;¿Por qué es importante controlar la pintura antihumedad?;Porque una ejecución incorrecta puede causar moho y daño oculto. La referencia correcta es: No por sí sola. Primero se elimina la entrada de agua o fuga.
Ampliaciones y Construcción Progresiva;¿Debo diseñar todos los pisos si solo construiré el primero?;Sí. Cimentación, muros, columnas, escalera e instalaciones del primer piso deben responder a la configuración final prevista.
Ampliaciones y Construcción Progresiva;¿Existe una medida mínima universal para el diseño de todos los pisos?;Sí. Cimentación, muros, columnas, escalera e instalaciones del primer piso deben responder a la configuración final prevista.
Ampliaciones y Construcción Progresiva;¿Cómo se verifica el diseño de todos los pisos en obra?;Sí. Cimentación, muros, columnas, escalera e instalaciones del primer piso deben responder a la configuración final prevista. Debe revisarse planos finales, cargas y ejes.
Ampliaciones y Construcción Progresiva;¿Qué error frecuente se comete con el diseño de todos los pisos?;El error frecuente es construir sin saber dónde irán muros superiores. Esto puede causar demoliciones y cimentación insuficiente.
Ampliaciones y Construcción Progresiva;¿Qué consecuencias puede tener el error de construir sin saber dónde irán muros superiores?;Este error puede generar demoliciones y cimentación insuficiente. La acción correcta es diseñar todo y ejecutar por etapas.
Ampliaciones y Construcción Progresiva;¿Por qué es importante controlar el diseño de todos los pisos?;Porque una ejecución incorrecta puede causar demoliciones y cimentación insuficiente. La referencia correcta es: Sí. Cimentación, muros, columnas, escalera e instalaciones del primer piso deben responder a la configuración final prevista.
Ampliaciones y Construcción Progresiva;¿Puedo hacer cimientos más grandes por si construyo más pisos?;Deben dimensionarse para un número y configuración definidos, no con un aumento arbitrario.
Ampliaciones y Construcción Progresiva;¿Existe una medida mínima universal para los cimientos para futuros pisos?;Deben dimensionarse para un número y configuración definidos, no con un aumento arbitrario.
Ampliaciones y Construcción Progresiva;¿Cómo se verifica los cimientos para futuros pisos en obra?;Deben dimensionarse para un número y configuración definidos, no con un aumento arbitrario. Debe revisarse cargas finales, suelo y secciones.
Ampliaciones y Construcción Progresiva;¿Qué error frecuente se comete con los cimientos para futuros pisos?;El error frecuente es solo ensanchar el cimiento. Esto puede causar gasto o falsa seguridad.
Ampliaciones y Construcción Progresiva;¿Qué consecuencias puede tener el error de solo ensanchar el cimiento?;Este error puede generar gasto o falsa seguridad. La acción correcta es calcular toda la estructura.
Ampliaciones y Construcción Progresiva;¿Por qué es importante controlar los cimientos para futuros pisos?;Porque una ejecución incorrecta puede causar gasto o falsa seguridad. La referencia correcta es: Deben dimensionarse para un número y configuración definidos, no con un aumento arbitrario.
Ampliaciones y Construcción Progresiva;¿Qué se revisa antes de construir un segundo piso?;Suelo, cimentación, muros, columnas, soleras, losa, fisuras, continuidad, licencia e instalaciones.
Ampliaciones y Construcción Progresiva;¿Existe una medida mínima universal para la evaluación para un segundo piso?;Suelo, cimentación, muros, columnas, soleras, losa, fisuras, continuidad, licencia e instalaciones.
Ampliaciones y Construcción Progresiva;¿Cómo se verifica la evaluación para un segundo piso en obra?;Suelo, cimentación, muros, columnas, soleras, losa, fisuras, continuidad, licencia e instalaciones. Debe revisarse planos y estado real.
Ampliaciones y Construcción Progresiva;¿Qué error frecuente se comete con la evaluación para un segundo piso?;El error frecuente es ampliar solo porque hay fierros de espera. Esto puede causar sobrecarga.
Ampliaciones y Construcción Progresiva;¿Qué consecuencias puede tener el error de ampliar solo porque hay fierros de espera?;Este error puede generar sobrecarga. La acción correcta es hacer evaluación estructural.
Ampliaciones y Construcción Progresiva;¿Por qué es importante controlar la evaluación para un segundo piso?;Porque una ejecución incorrecta puede causar sobrecarga. La referencia correcta es: Suelo, cimentación, muros, columnas, soleras, losa, fisuras, continuidad, licencia e instalaciones.
Ampliaciones y Construcción Progresiva;¿Las columnas del segundo piso deben coincidir con las del primero?;Deben continuar verticalmente o existir una transferencia calculada.
Ampliaciones y Construcción Progresiva;¿Existe una medida mínima universal para la coincidencia de columnas?;Deben continuar verticalmente o existir una transferencia calculada.
Ampliaciones y Construcción Progresiva;¿Cómo se verifica la coincidencia de columnas en obra?;Deben continuar verticalmente o existir una transferencia calculada. Debe revisarse ejes y apoyos inferiores.
Ampliaciones y Construcción Progresiva;¿Qué error frecuente se comete con la coincidencia de columnas?;El error frecuente es hacer nacer columna sobre losa. Esto puede causar punzonamiento y fisuras.
Ampliaciones y Construcción Progresiva;¿Qué consecuencias puede tener el error de hacer nacer columna sobre losa?;Este error puede generar punzonamiento y fisuras. La acción correcta es alinear o diseñar transferencia.
Ampliaciones y Construcción Progresiva;¿Por qué es importante controlar la coincidencia de columnas?;Porque una ejecución incorrecta puede causar punzonamiento y fisuras. La referencia correcta es: Deben continuar verticalmente o existir una transferencia calculada.
Ampliaciones y Construcción Progresiva;¿Puedo cambiar toda la distribución de muros arriba?;"Solo con diseño. En albañilería se busca continuidad; cambios grandes cargan vigas o losas y crean irregularidad."
Ampliaciones y Construcción Progresiva;¿Existe una medida mínima universal para la coincidencia de muros?;"Solo con diseño. En albañilería se busca continuidad; cambios grandes cargan vigas o losas y crean irregularidad."
Ampliaciones y Construcción Progresiva;¿Cómo se verifica la coincidencia de muros en obra?;"Solo con diseño. En albañilería se busca continuidad; cambios grandes cargan vigas o losas y crean irregularidad. Debe revisarse muros superiores, inferiores y vigas."
Ampliaciones y Construcción Progresiva;¿Qué error frecuente se comete con la coincidencia de muros?;El error frecuente es poner muros sin apoyo. Esto puede causar deformación y debilidad sísmica.
Ampliaciones y Construcción Progresiva;¿Qué consecuencias puede tener el error de poner muros sin apoyo?;Este error puede generar deformación y debilidad sísmica. La acción correcta es compatibilizar arquitectura y estructura.
Ampliaciones y Construcción Progresiva;¿Por qué es importante controlar la coincidencia de muros?;"Porque una ejecución incorrecta puede causar deformación y debilidad sísmica. La referencia correcta es: Solo con diseño. En albañilería se busca continuidad; cambios grandes cargan vigas o losas y crean irregularidad."
Ampliaciones y Construcción Progresiva;¿Conviene dejar el hueco de escalera desde el inicio?;Sí. Deben diseñarse hueco, vigas de borde, descansos, apoyos y altura libre.
Ampliaciones y Construcción Progresiva;¿Existe una medida mínima universal para la reserva de escalera?;Sí. Deben diseñarse hueco, vigas de borde, descansos, apoyos y altura libre.
Ampliaciones y Construcción Progresiva;¿Cómo se verifica la reserva de escalera en obra?;Sí. Deben diseñarse hueco, vigas de borde, descansos, apoyos y altura libre. Debe revisarse dimensiones, ubicación y refuerzo.
Ampliaciones y Construcción Progresiva;¿Qué error frecuente se comete con la reserva de escalera?;El error frecuente es decidir después de vaciar la losa. Esto puede causar cortes de viguetas.
Ampliaciones y Construcción Progresiva;¿Qué consecuencias puede tener el error de decidir después de vaciar la losa?;Este error puede generar cortes de viguetas. La acción correcta es reservar y reforzar.
Ampliaciones y Construcción Progresiva;¿Por qué es importante controlar la reserva de escalera?;Porque una ejecución incorrecta puede causar cortes de viguetas. La referencia correcta es: Sí. Deben diseñarse hueco, vigas de borde, descansos, apoyos y altura libre.
Ampliaciones y Construcción Progresiva;¿Se pueden usar fierros que quedaron expuestos varios años?;Solo después de limpiar, medir y evaluar corrosión, longitud y anclaje. No hay un tiempo seguro universal.
Ampliaciones y Construcción Progresiva;¿Existe una medida mínima universal para las barras de espera antiguas?;Solo después de limpiar, medir y evaluar corrosión, longitud y anclaje. No hay un tiempo seguro universal.
Ampliaciones y Construcción Progresiva;¿Cómo se verifica las barras de espera antiguas en obra?;Solo después de limpiar, medir y evaluar corrosión, longitud y anclaje. No hay un tiempo seguro universal. Debe revisarse picaduras, diámetro y concreto.
Ampliaciones y Construcción Progresiva;¿Qué error frecuente se comete con las barras de espera antiguas?;El error frecuente es usar barras muy corroídas. Esto puede causar empalmes débiles.
Ampliaciones y Construcción Progresiva;¿Qué consecuencias puede tener el error de usar barras muy corroídas?;Este error puede generar empalmes débiles. La acción correcta es rehabilitar o reemplazar.
Ampliaciones y Construcción Progresiva;¿Por qué es importante controlar las barras de espera antiguas?;Porque una ejecución incorrecta puede causar empalmes débiles. La referencia correcta es: Solo después de limpiar, medir y evaluar corrosión, longitud y anclaje. No hay un tiempo seguro universal.
Ampliaciones y Construcción Progresiva;¿Cómo se protege una vivienda que quedará a medio construir?;Deben impermeabilizarse losas, sellarse pases, drenar, proteger barras y evitar ingreso de personas.
Ampliaciones y Construcción Progresiva;¿Cuál es la forma correcta de resolver la protección de una obra paralizada en una vivienda autoconstruida?;Deben impermeabilizarse losas, sellarse pases, drenar, proteger barras y evitar ingreso de personas.
Ampliaciones y Construcción Progresiva;¿Cómo se verifica la protección de una obra paralizada en obra?;Deben impermeabilizarse losas, sellarse pases, drenar, proteger barras y evitar ingreso de personas. Debe revisarse pendientes, tapas, óxido y fisuras.
Ampliaciones y Construcción Progresiva;¿Qué error frecuente se comete con la protección de una obra paralizada?;El error frecuente es dejar huecos y barras expuestas. Esto puede causar filtración, corrosión y accidentes.
Ampliaciones y Construcción Progresiva;¿Qué consecuencias puede tener el error de dejar huecos y barras expuestas?;Este error puede generar filtración, corrosión y accidentes. La acción correcta es cerrar y mantener.
Ampliaciones y Construcción Progresiva;¿Por qué es importante controlar la protección de una obra paralizada?;Porque una ejecución incorrecta puede causar filtración, corrosión y accidentes. La referencia correcta es: Deben impermeabilizarse losas, sellarse pases, drenar, proteger barras y evitar ingreso de personas.
Ampliaciones y Construcción Progresiva;¿Puedo cambiar calamina por losa de concreto?;No sin rediseño. La losa pesa mucho más y cambia cimentación, muros y fuerza sísmica.
Ampliaciones y Construcción Progresiva;¿Existe una medida mínima universal para el cambio de techo ligero a losa?;No sin rediseño. La losa pesa mucho más y cambia cimentación, muros y fuerza sísmica.
Ampliaciones y Construcción Progresiva;¿Cómo se verifica el cambio de techo ligero a losa en obra?;No sin rediseño. La losa pesa mucho más y cambia cimentación, muros y fuerza sísmica. Debe revisarse estructura, apoyos y suelo.
Ampliaciones y Construcción Progresiva;¿Qué error frecuente se comete con el cambio de techo ligero a losa?;El error frecuente es vaciar losa sobre muros para techo ligero. Esto puede causar sobrecarga.
Ampliaciones y Construcción Progresiva;¿Qué consecuencias puede tener el error de vaciar losa sobre muros para techo ligero?;Este error puede generar sobrecarga. La acción correcta es proyectar refuerzo o solución compatible.
Ampliaciones y Construcción Progresiva;¿Por qué es importante controlar el cambio de techo ligero a losa?;Porque una ejecución incorrecta puede causar sobrecarga. La referencia correcta es: No sin rediseño. La losa pesa mucho más y cambia cimentación, muros y fuerza sísmica.
Ampliaciones y Construcción Progresiva;¿Debe dejarse previsto el tanque de agua?;Sí. Su peso lleno, base, apoyo y tuberías deben incorporarse al cálculo.
Ampliaciones y Construcción Progresiva;¿Existe una medida mínima universal para el tanque futuro?;Sí. Su peso lleno, base, apoyo y tuberías deben incorporarse al cálculo.
Ampliaciones y Construcción Progresiva;¿Cómo se verifica el tanque futuro en obra?;Sí. Su peso lleno, base, apoyo y tuberías deben incorporarse al cálculo. Debe revisarse capacidad, ubicación y soporte.
Ampliaciones y Construcción Progresiva;¿Qué error frecuente se comete con el tanque futuro?;El error frecuente es colocarlo donde quede espacio. Esto puede causar carga concentrada y fisuras.
Ampliaciones y Construcción Progresiva;¿Qué consecuencias puede tener el error de colocarlo donde quede espacio?;Este error puede generar carga concentrada y fisuras. La acción correcta es diseñar su ubicación.
Ampliaciones y Construcción Progresiva;¿Por qué es importante controlar el tanque futuro?;Porque una ejecución incorrecta puede causar carga concentrada y fisuras. La referencia correcta es: Sí. Su peso lleno, base, apoyo y tuberías deben incorporarse al cálculo.
Ampliaciones y Construcción Progresiva;¿Puedo combinar albañilería abajo y sistema liviano arriba?;Sí si ambos sistemas y conexiones se diseñan conjuntamente.
Ampliaciones y Construcción Progresiva;¿Existe una medida mínima universal para el cambio de sistema entre pisos?;Sí si ambos sistemas y conexiones se diseñan conjuntamente.
Ampliaciones y Construcción Progresiva;¿Cómo se verifica el cambio de sistema entre pisos en obra?;Sí si ambos sistemas y conexiones se diseñan conjuntamente. Debe revisarse peso, rigidez, anclajes y diafragma.
Ampliaciones y Construcción Progresiva;¿Qué error frecuente se comete con el cambio de sistema entre pisos?;El error frecuente es anclar de forma improvisada. Esto puede causar desprendimiento e incompatibilidad.
Ampliaciones y Construcción Progresiva;¿Qué consecuencias puede tener el error de anclar de forma improvisada?;Este error puede generar desprendimiento e incompatibilidad. La acción correcta es diseñar la transición.
Ampliaciones y Construcción Progresiva;¿Por qué es importante controlar el cambio de sistema entre pisos?;Porque una ejecución incorrecta puede causar desprendimiento e incompatibilidad. La referencia correcta es: Sí si ambos sistemas y conexiones se diseñan conjuntamente.
Ampliaciones y Construcción Progresiva;¿Qué información debo guardar para una futura ampliación?;Planos finales, fotos de acero, resultados de concreto, tuberías, dimensiones y cambios aprobados.
Ampliaciones y Construcción Progresiva;¿Cuál es la forma correcta de resolver los registros para ampliar en una vivienda autoconstruida?;Planos finales, fotos de acero, resultados de concreto, tuberías, dimensiones y cambios aprobados.
Ampliaciones y Construcción Progresiva;¿Cómo se verifica los registros para ampliar en obra?;Planos finales, fotos de acero, resultados de concreto, tuberías, dimensiones y cambios aprobados. Debe revisarse versiones, fechas y respaldo.
Ampliaciones y Construcción Progresiva;¿Qué error frecuente se comete con los registros para ampliar?;El error frecuente es no documentar lo oculto. Esto puede causar perforaciones accidentales.
Ampliaciones y Construcción Progresiva;¿Qué consecuencias puede tener el error de no documentar lo oculto?;Este error puede generar perforaciones accidentales. La acción correcta es crear un expediente de obra.
Ampliaciones y Construcción Progresiva;¿Por qué es importante controlar los registros para ampliar?;Porque una ejecución incorrecta puede causar perforaciones accidentales. La referencia correcta es: Planos finales, fotos de acero, resultados de concreto, tuberías, dimensiones y cambios aprobados.
Remodelaciones y Demoliciones;¿Cómo sé si un muro es portante?;Con planos, continuidad, dirección de losa, muros superiores y sistema. El sonido o espesor no bastan.
Remodelaciones y Demoliciones;¿Existe una medida mínima universal para la identificación de muros portantes?;Con planos, continuidad, dirección de losa, muros superiores y sistema. El sonido o espesor no bastan.
Remodelaciones y Demoliciones;¿Cómo se verifica la identificación de muros portantes en obra?;Con planos, continuidad, dirección de losa, muros superiores y sistema. El sonido o espesor no bastan. Debe revisarse planos, apoyos y confinamientos.
Remodelaciones y Demoliciones;¿Qué error frecuente se comete con la identificación de muros portantes?;El error frecuente es suponer que no es portante. Esto puede causar eliminar un elemento resistente.
Remodelaciones y Demoliciones;¿Qué consecuencias puede tener el error de suponer que no es portante?;Este error puede generar eliminar un elemento resistente. La acción correcta es evaluar antes de cortar.
Remodelaciones y Demoliciones;¿Por qué es importante controlar la identificación de muros portantes?;Porque una ejecución incorrecta puede causar eliminar un elemento resistente. La referencia correcta es: Con planos, continuidad, dirección de losa, muros superiores y sistema. El sonido o espesor no bastan.
Remodelaciones y Demoliciones;¿Puedo abrir una puerta nueva en un muro portante?;Solo con proyecto de apuntalamiento, dintel, confinamientos y paños restantes.
Remodelaciones y Demoliciones;¿Existe una medida mínima universal para la apertura de una puerta?;Solo con proyecto de apuntalamiento, dintel, confinamientos y paños restantes.
Remodelaciones y Demoliciones;¿Cómo se verifica la apertura de una puerta en obra?;Solo con proyecto de apuntalamiento, dintel, confinamientos y paños restantes. Debe revisarse ancho, cargas y secuencia.
Remodelaciones y Demoliciones;¿Qué error frecuente se comete con la apertura de una puerta?;El error frecuente es cortar sin apuntalar. Esto puede causar caída local.
Remodelaciones y Demoliciones;¿Por qué es importante controlar la apertura de una puerta?;Porque una ejecución incorrecta puede causar caída local. La referencia correcta es: Solo con proyecto de apuntalamiento, dintel, confinamientos y paños restantes.
Remodelaciones y Demoliciones;¿Se puede picar una columna para una tubería?;"No. Puede cortar barras y estribos; no se repara solo con mortero."
Remodelaciones y Demoliciones;¿Existe una medida mínima universal para el picado de columnas?;"No. Puede cortar barras y estribos; no se repara solo con mortero."
Remodelaciones y Demoliciones;¿Cómo se verifica el picado de columnas en obra?;"No. Puede cortar barras y estribos; no se repara solo con mortero. Debe revisarse profundidad y acero expuesto."
Remodelaciones y Demoliciones;¿Qué error frecuente se comete con el picado de columnas?;El error frecuente es cortar una barra. Esto puede causar pérdida de resistencia.
Remodelaciones y Demoliciones;¿Qué consecuencias puede tener el error de cortar una barra?;Este error puede generar pérdida de resistencia. La acción correcta es apuntalar y reparar con diseño.
Remodelaciones y Demoliciones;¿Por qué es importante controlar el picado de columnas?;"Porque una ejecución incorrecta puede causar pérdida de resistencia. La referencia correcta es: No. Puede cortar barras y estribos; no se repara solo con mortero."
Remodelaciones y Demoliciones;¿Se puede rebajar una viga porque queda baja?;No. El peralte es esencial y el corte puede afectar acero.
Remodelaciones y Demoliciones;¿Existe una medida mínima universal para el rebaje de vigas?;No. El peralte es esencial y el corte puede afectar acero.
Remodelaciones y Demoliciones;¿Cómo se verifica el rebaje de vigas en obra?;No. El peralte es esencial y el corte puede afectar acero. Debe revisarse sección y barras.
Remodelaciones y Demoliciones;¿Qué error frecuente se comete con el rebaje de vigas?;El error frecuente es cincelar la parte inferior. Esto puede causar fisuración o colapso.
Remodelaciones y Demoliciones;¿Qué consecuencias puede tener el error de cincelar la parte inferior?;Este error puede generar fisuración o colapso. La acción correcta es evaluar y reforzar.
Remodelaciones y Demoliciones;¿Por qué es importante controlar el rebaje de vigas?;Porque una ejecución incorrecta puede causar fisuración o colapso. La referencia correcta es: No. El peralte es esencial y el corte puede afectar acero.
Remodelaciones y Demoliciones;¿Puedo levantar un muro de ladrillo en cualquier parte de una losa?;"No. Debe apoyarse en muro, viga o franja diseñada; un muro pesado genera carga lineal."
Remodelaciones y Demoliciones;¿Existe una medida mínima universal para los muros pesados sobre losa?;"No. Debe apoyarse en muro, viga o franja diseñada; un muro pesado genera carga lineal."
Remodelaciones y Demoliciones;¿Cómo se verifica los muros pesados sobre losa en obra?;"No. Debe apoyarse en muro, viga o franja diseñada; un muro pesado genera carga lineal. Debe revisarse viguetas, vigas y apoyo inferior."
Remodelaciones y Demoliciones;¿Qué error frecuente se comete con los muros pesados sobre losa?;El error frecuente es ponerlo en medio del paño. Esto puede causar flecha y fisuras.
Remodelaciones y Demoliciones;¿Qué consecuencias puede tener el error de ponerlo en medio del paño?;Este error puede generar flecha y fisuras. La acción correcta es usar tabique liviano o reforzar.
Remodelaciones y Demoliciones;¿Por qué es importante controlar los muros pesados sobre losa?;"Porque una ejecución incorrecta puede causar flecha y fisuras. La referencia correcta es: No. Debe apoyarse en muro, viga o franja diseñada; un muro pesado genera carga lineal."
Remodelaciones y Demoliciones;¿Puedo cerrar la azotea y hacer dormitorios?;Solo tras revisar estructura, licencia, iluminación, ventilación, evacuación e impermeabilización.
Remodelaciones y Demoliciones;¿Existe una medida mínima universal para las habitaciones en azotea?;Solo tras revisar estructura, licencia, iluminación, ventilación, evacuación e impermeabilización.
Remodelaciones y Demoliciones;¿Cómo se verifica las habitaciones en azotea en obra?;Solo tras revisar estructura, licencia, iluminación, ventilación, evacuación e impermeabilización. Debe revisarse capacidad, muros y servicios.
Remodelaciones y Demoliciones;¿Qué error frecuente se comete con las habitaciones en azotea?;El error frecuente es construir sin revisar cimentación. Esto puede causar sobrecarga y mala habitabilidad.
Remodelaciones y Demoliciones;¿Qué consecuencias puede tener el error de construir sin revisar cimentación?;Este error puede generar sobrecarga y mala habitabilidad. La acción correcta es tramitar y diseñar.
Remodelaciones y Demoliciones;¿Por qué es importante controlar las habitaciones en azotea?;Porque una ejecución incorrecta puede causar sobrecarga y mala habitabilidad. La referencia correcta es: Solo tras revisar estructura, licencia, iluminación, ventilación, evacuación e impermeabilización.
Remodelaciones y Demoliciones;¿Puedo mover un baño a cualquier lugar?;Debe verificarse pendiente, ventilación, agua, impermeabilización y perforaciones estructurales.
Remodelaciones y Demoliciones;¿Existe una medida mínima universal para el traslado de baños?;Debe verificarse pendiente, ventilación, agua, impermeabilización y perforaciones estructurales.
Remodelaciones y Demoliciones;¿Cómo se verifica el traslado de baños en obra?;Debe verificarse pendiente, ventilación, agua, impermeabilización y perforaciones estructurales. Debe revisarse cotas, rutas y vigas.
Remodelaciones y Demoliciones;¿Qué error frecuente se comete con el traslado de baños?;El error frecuente es romper una viga por el desagüe. Esto puede causar daño y atoros.
Remodelaciones y Demoliciones;¿Qué consecuencias puede tener el error de romper una viga por el desagüe?;Este error puede generar daño y atoros. La acción correcta es rediseñar la red.
Remodelaciones y Demoliciones;¿Por qué es importante controlar el traslado de baños?;Porque una ejecución incorrecta puede causar daño y atoros. La referencia correcta es: Debe verificarse pendiente, ventilación, agua, impermeabilización y perforaciones estructurales.
Remodelaciones y Demoliciones;¿Puedo demoler el piso sin saber qué hay debajo?;No. Deben localizarse tuberías, cables y losa y controlar la profundidad.
Remodelaciones y Demoliciones;¿Cuál es la forma correcta de resolver el picado de pisos en una vivienda autoconstruida?;No. Deben localizarse tuberías, cables y losa y controlar la profundidad.
Remodelaciones y Demoliciones;¿Cómo se verifica el picado de pisos en obra?;No. Deben localizarse tuberías, cables y losa y controlar la profundidad. Debe revisarse planos, servicios y herramientas.
Remodelaciones y Demoliciones;¿Qué error frecuente se comete con el picado de pisos?;El error frecuente es romper redes o acero. Esto puede causar fugas, electrocución y daño estructural.
Remodelaciones y Demoliciones;¿Qué consecuencias puede tener el error de romper redes o acero?;Este error puede generar fugas, electrocución y daño estructural. La acción correcta es aislar y demoler controladamente.
Remodelaciones y Demoliciones;¿Por qué es importante controlar el picado de pisos?;Porque una ejecución incorrecta puede causar fugas, electrocución y daño estructural. La referencia correcta es: No. Deben localizarse tuberías, cables y losa y controlar la profundidad.
Remodelaciones y Demoliciones;¿Se pueden acumular escombros en un solo lugar?;"No. Generan cargas concentradas; deben retirarse progresivamente."
Remodelaciones y Demoliciones;¿Cuál es la forma correcta de resolver los escombros sobre losa en una vivienda autoconstruida?;"No. Generan cargas concentradas; deben retirarse progresivamente."
Remodelaciones y Demoliciones;¿Cómo se verifica los escombros sobre losa en obra?;"No. Generan cargas concentradas; deben retirarse progresivamente. Debe revisarse peso, ubicación y puntales."
Remodelaciones y Demoliciones;¿Qué error frecuente se comete con los escombros sobre losa?;El error frecuente es hacer una montaña de escombros. Esto puede causar sobrecarga y colapso.
Remodelaciones y Demoliciones;¿Qué consecuencias puede tener el error de hacer una montaña de escombros?;Este error puede generar sobrecarga y colapso. La acción correcta es evacuar por etapas.
Remodelaciones y Demoliciones;¿Por qué es importante controlar los escombros sobre losa?;"Porque una ejecución incorrecta puede causar sobrecarga y colapso. La referencia correcta es: No. Generan cargas concentradas; deben retirarse progresivamente."
Remodelaciones y Demoliciones;¿Cuándo se debe apuntalar antes de demoler?;Al retirar apoyos, abrir vanos, cortar losas o cuando haya duda de estabilidad.
Remodelaciones y Demoliciones;¿Existe una medida mínima universal para el apuntalamiento previo?;Al retirar apoyos, abrir vanos, cortar losas o cuando haya duda de estabilidad.
Remodelaciones y Demoliciones;¿Cómo se verifica el apuntalamiento previo en obra?;Al retirar apoyos, abrir vanos, cortar losas o cuando haya duda de estabilidad. Debe revisarse ruta de cargas y capacidad de puntales.
Remodelaciones y Demoliciones;¿Qué error frecuente se comete con el apuntalamiento previo?;El error frecuente es demoler primero y apuntalar después. Esto puede causar colapso inmediato.
Remodelaciones y Demoliciones;¿Qué consecuencias puede tener el error de demoler primero y apuntalar después?;Este error puede generar colapso inmediato. La acción correcta es apuntalar antes.
Remodelaciones y Demoliciones;¿Por qué es importante controlar el apuntalamiento previo?;Porque una ejecución incorrecta puede causar colapso inmediato. La referencia correcta es: Al retirar apoyos, abrir vanos, cortar losas o cuando haya duda de estabilidad.
Remodelaciones y Demoliciones;¿Qué precaución se toma al demoler junto al vecino?;Documentar el estado, identificar apoyos compartidos, proteger y demoler por etapas con sostenimiento.
Remodelaciones y Demoliciones;¿Existe una medida mínima universal para la medianera vecina?;Documentar el estado, identificar apoyos compartidos, proteger y demoler por etapas con sostenimiento.
Remodelaciones y Demoliciones;¿Cómo se verifica la medianera vecina en obra?;Documentar el estado, identificar apoyos compartidos, proteger y demoler por etapas con sostenimiento. Debe revisarse propiedad, grietas y apoyos.
Remodelaciones y Demoliciones;¿Qué error frecuente se comete con la medianera vecina?;El error frecuente es retirar un muro compartido. Esto puede causar daño o colapso vecino.
Remodelaciones y Demoliciones;¿Qué consecuencias puede tener el error de retirar un muro compartido?;Este error puede generar daño o colapso vecino. La acción correcta es coordinar y estabilizar.
Remodelaciones y Demoliciones;¿Por qué es importante controlar la medianera vecina?;Porque una ejecución incorrecta puede causar daño o colapso vecino. La referencia correcta es: Documentar el estado, identificar apoyos compartidos, proteger y demoler por etapas con sostenimiento.
Remodelaciones y Demoliciones;¿Se puede colocar porcelanato sobre cerámico antiguo?;"Sí si la base está firme, limpia, seca y nivelada y se usa adhesivo compatible; piezas huecas se retiran."
Remodelaciones y Demoliciones;¿Cuál es la forma correcta de resolver el porcelanato sobre cerámico en una vivienda autoconstruida?;"Sí si la base está firme, limpia, seca y nivelada y se usa adhesivo compatible; piezas huecas se retiran."
Remodelaciones y Demoliciones;¿Cómo se verifica el porcelanato sobre cerámico en obra?;"Sí si la base está firme, limpia, seca y nivelada y se usa adhesivo compatible; piezas huecas se retiran. Debe revisarse sonido, humedad y ficha de adhesivo."
Remodelaciones y Demoliciones;¿Qué error frecuente se comete con el porcelanato sobre cerámico?;El error frecuente es pegar sobre piezas sueltas. Esto puede causar desprendimiento.
Remodelaciones y Demoliciones;¿Qué consecuencias puede tener el error de pegar sobre piezas sueltas?;Este error puede generar desprendimiento. La acción correcta es preparar o retirar la base.
Remodelaciones y Demoliciones;¿Por qué es importante controlar el porcelanato sobre cerámico?;"Porque una ejecución incorrecta puede causar desprendimiento. La referencia correcta es: Sí si la base está firme, limpia, seca y nivelada y se usa adhesivo compatible; piezas huecas se retiran."
Grietas, Fallas y Reparaciones;¿Qué significa una grieta diagonal en un muro?;Puede indicar sismo, asentamiento, vano, falta de confinamiento o sobrecarga. Debe medirse y diagnosticarse antes de tapar.
Grietas, Fallas y Reparaciones;¿Cuál es la forma correcta de resolver las grietas diagonales en una vivienda autoconstruida?;Puede indicar sismo, asentamiento, vano, falta de confinamiento o sobrecarga. Debe medirse y diagnosticarse antes de tapar.
Grietas, Fallas y Reparaciones;¿Cómo se verifica las grietas diagonales en obra?;Puede indicar sismo, asentamiento, vano, falta de confinamiento o sobrecarga. Debe medirse y diagnosticarse antes de tapar. Debe revisarse ancho, dirección, evolución y elementos cercanos.
Grietas, Fallas y Reparaciones;¿Qué error frecuente se comete con las grietas diagonales?;El error frecuente es resanar sin diagnóstico. Esto puede causar ocultar una falla activa.
Grietas, Fallas y Reparaciones;¿Qué consecuencias puede tener el error de resanar sin diagnóstico?;Este error puede generar ocultar una falla activa. La acción correcta es evaluar estructuralmente.
Grietas, Fallas y Reparaciones;¿Por qué es importante controlar las grietas diagonales?;Porque una ejecución incorrecta puede causar ocultar una falla activa. La referencia correcta es: Puede indicar sismo, asentamiento, vano, falta de confinamiento o sobrecarga. Debe medirse y diagnosticarse antes de tapar.
Grietas, Fallas y Reparaciones;¿Por qué una grieta sigue las juntas como escalera?;Suele relacionarse con asentamiento o esfuerzos diagonales y no es solo defecto del tarrajeo.
Grietas, Fallas y Reparaciones;¿Cuál es la forma correcta de resolver las grietas escalonadas en una vivienda autoconstruida?;Suele relacionarse con asentamiento o esfuerzos diagonales y no es solo defecto del tarrajeo.
Grietas, Fallas y Reparaciones;¿Cómo se verifica las grietas escalonadas en obra?;Suele relacionarse con asentamiento o esfuerzos diagonales y no es solo defecto del tarrajeo. Debe revisarse cimientos, humedad y puertas.
Grietas, Fallas y Reparaciones;¿Qué error frecuente se comete con las grietas escalonadas?;El error frecuente es tapar sin revisar suelo. Esto puede causar avance del asentamiento.
Grietas, Fallas y Reparaciones;¿Qué consecuencias puede tener el error de tapar sin revisar suelo?;Este error puede generar avance del asentamiento. La acción correcta es evaluar suelo y estructura.
Grietas, Fallas y Reparaciones;¿Por qué es importante controlar las grietas escalonadas?;Porque una ejecución incorrecta puede causar avance del asentamiento. La referencia correcta es: Suele relacionarse con asentamiento o esfuerzos diagonales y no es solo defecto del tarrajeo.
Grietas, Fallas y Reparaciones;¿Por qué se raja la unión entre muro y columna?;Puede faltar dentado o conectores, haber suciedad, retracción o movimiento diferencial.
Grietas, Fallas y Reparaciones;¿Cuál es la forma correcta de resolver la separación muro-columna en una vivienda autoconstruida?;Puede faltar dentado o conectores, haber suciedad, retracción o movimiento diferencial.
Grietas, Fallas y Reparaciones;¿Cómo se verifica la separación muro-columna en obra?;Puede faltar dentado o conectores, haber suciedad, retracción o movimiento diferencial. Debe revisarse profundidad, continuidad y unión.
Grietas, Fallas y Reparaciones;¿Qué error frecuente se comete con la separación muro-columna?;El error frecuente es poner solo malla superficial. Esto puede causar fisura recurrente.
Grietas, Fallas y Reparaciones;¿Qué consecuencias puede tener el error de poner solo malla superficial?;Este error puede generar fisura recurrente. La acción correcta es reparar la conexión.
Grietas, Fallas y Reparaciones;¿Por qué es importante controlar la separación muro-columna?;Porque una ejecución incorrecta puede causar fisura recurrente. La referencia correcta es: Puede faltar dentado o conectores, haber suciedad, retracción o movimiento diferencial.
Grietas, Fallas y Reparaciones;¿Toda fisura fina es estructural?;No. Puede ser retracción, exceso de agua o mala adherencia, pero debe revisarse si continúa en el muro.
Grietas, Fallas y Reparaciones;¿Cuál es la forma correcta de resolver las fisuras finas de tarrajeo en una vivienda autoconstruida?;No. Puede ser retracción, exceso de agua o mala adherencia, pero debe revisarse si continúa en el muro.
Grietas, Fallas y Reparaciones;¿Cómo se verifica las fisuras finas de tarrajeo en obra?;No. Puede ser retracción, exceso de agua o mala adherencia, pero debe revisarse si continúa en el muro. Debe revisarse profundidad, patrón y evolución.
Grietas, Fallas y Reparaciones;¿Qué error frecuente se comete con las fisuras finas de tarrajeo?;El error frecuente es asumir que toda fisura es pintura. Esto puede causar ocultar grieta real.
Grietas, Fallas y Reparaciones;¿Qué consecuencias puede tener el error de asumir que toda fisura es pintura?;Este error puede generar ocultar grieta real. La acción correcta es inspeccionar y monitorear.
Grietas, Fallas y Reparaciones;¿Por qué es importante controlar las fisuras finas de tarrajeo?;Porque una ejecución incorrecta puede causar ocultar grieta real. La referencia correcta es: No. Puede ser retracción, exceso de agua o mala adherencia, pero debe revisarse si continúa en el muro.
Grietas, Fallas y Reparaciones;¿Cómo sé si una grieta sigue creciendo?;Midiendo y registrando puntos fijos con fecha, fotos y fisurómetro o testigos adecuados.
Grietas, Fallas y Reparaciones;¿Cuál es la forma correcta de resolver el monitoreo de grietas en una vivienda autoconstruida?;Midiendo y registrando puntos fijos con fecha, fotos y fisurómetro o testigos adecuados.
Grietas, Fallas y Reparaciones;¿Cómo se verifica el monitoreo de grietas en obra?;Midiendo y registrando puntos fijos con fecha, fotos y fisurómetro o testigos adecuados. Debe revisarse ancho, fecha y eventos.
Grietas, Fallas y Reparaciones;¿Qué error frecuente se comete con el monitoreo de grietas?;El error frecuente es ignorar cambios. Esto puede causar pérdida progresiva de seguridad.
Grietas, Fallas y Reparaciones;¿Qué consecuencias puede tener el error de ignorar cambios?;Este error puede generar pérdida progresiva de seguridad. La acción correcta es documentar y consultar.
Grietas, Fallas y Reparaciones;¿Por qué es importante controlar el monitoreo de grietas?;Porque una ejecución incorrecta puede causar pérdida progresiva de seguridad. La referencia correcta es: Midiendo y registrando puntos fijos con fecha, fotos y fisurómetro o testigos adecuados.
Grietas, Fallas y Reparaciones;¿Qué hago si una columna tiene fierro oxidado y concreto caído?;"Debe medirse pérdida de sección, eliminar la humedad y evaluar capacidad; pintar y cubrir no basta."
Grietas, Fallas y Reparaciones;¿Cuál es la forma correcta de resolver la corrosión con desprendimiento en una vivienda autoconstruida?;"Debe medirse pérdida de sección, eliminar la humedad y evaluar capacidad; pintar y cubrir no basta."
Grietas, Fallas y Reparaciones;¿Cómo se verifica la corrosión con desprendimiento en obra?;"Debe medirse pérdida de sección, eliminar la humedad y evaluar capacidad; pintar y cubrir no basta. Debe revisarse diámetro, estribos y profundidad."
Grietas, Fallas y Reparaciones;¿Qué error frecuente se comete con la corrosión con desprendimiento?;El error frecuente es ocultar con tarrajeo. Esto puede causar más desprendimiento y pérdida de resistencia.
Grietas, Fallas y Reparaciones;¿Qué consecuencias puede tener el error de ocultar con tarrajeo?;Este error puede generar más desprendimiento y pérdida de resistencia. La acción correcta es sanear y reparar.
Grietas, Fallas y Reparaciones;¿Por qué es importante controlar la corrosión con desprendimiento?;"Porque una ejecución incorrecta puede causar más desprendimiento y pérdida de resistencia. La referencia correcta es: Debe medirse pérdida de sección, eliminar la humedad y evaluar capacidad; pintar y cubrir no basta."
Grietas, Fallas y Reparaciones;¿Es normal que una losa vibre o se vea hundida?;Deformación visible, fisuras o cambio progresivo requieren evaluación por luz, carga, sección o retiro de puntales.
Grietas, Fallas y Reparaciones;¿Cuál es la forma correcta de resolver la losa que vibra en una vivienda autoconstruida?;Deformación visible, fisuras o cambio progresivo requieren evaluación por luz, carga, sección o retiro de puntales.
Grietas, Fallas y Reparaciones;¿Cómo se verifica la losa que vibra en obra?;Deformación visible, fisuras o cambio progresivo requieren evaluación por luz, carga, sección o retiro de puntales. Debe revisarse flecha, fisuras y cargas.
Grietas, Fallas y Reparaciones;¿Qué error frecuente se comete con la losa que vibra?;El error frecuente es añadir peso para nivelar. Esto puede causar más deformación.
Grietas, Fallas y Reparaciones;¿Qué consecuencias puede tener el error de añadir peso para nivelar?;Este error puede generar más deformación. La acción correcta es reducir cargas y evaluar.
Grietas, Fallas y Reparaciones;¿Por qué es importante controlar la losa que vibra?;Porque una ejecución incorrecta puede causar más deformación. La referencia correcta es: Deformación visible, fisuras o cambio progresivo requieren evaluación por luz, carga, sección o retiro de puntales.
Grietas, Fallas y Reparaciones;¿Es peligroso un muro inclinado?;Sí, sobre todo si aumenta, es alto o se separa en la base. El tarrajeo no corrige estabilidad.
Grietas, Fallas y Reparaciones;¿Cuál es la forma correcta de resolver el muro inclinado en una vivienda autoconstruida?;Sí, sobre todo si aumenta, es alto o se separa en la base. El tarrajeo no corrige estabilidad.
Grietas, Fallas y Reparaciones;¿Cómo se verifica el muro inclinado en obra?;Sí, sobre todo si aumenta, es alto o se separa en la base. El tarrajeo no corrige estabilidad. Debe revisarse plomo, evolución y apoyo.
Grietas, Fallas y Reparaciones;¿Qué error frecuente se comete con el muro inclinado?;El error frecuente es ocultar la inclinación. Esto puede causar caída fuera del plano.
Grietas, Fallas y Reparaciones;¿Qué consecuencias puede tener el error de ocultar la inclinación?;Este error puede generar caída fuera del plano. La acción correcta es estabilizar o reconstruir.
Grietas, Fallas y Reparaciones;¿Por qué es importante controlar el muro inclinado?;Porque una ejecución incorrecta puede causar caída fuera del plano. La referencia correcta es: Sí, sobre todo si aumenta, es alto o se separa en la base. El tarrajeo no corrige estabilidad.
Grietas, Fallas y Reparaciones;¿Cómo sé si una cangrejera es estructural?;Se retira material suelto y se revisa si atraviesa la sección, afecta nudos o deja acero expuesto.
Grietas, Fallas y Reparaciones;¿Cuál es la forma correcta de resolver las cangrejeras profundas en una vivienda autoconstruida?;Se retira material suelto y se revisa si atraviesa la sección, afecta nudos o deja acero expuesto.
Grietas, Fallas y Reparaciones;¿Cómo se verifica las cangrejeras profundas en obra?;Se retira material suelto y se revisa si atraviesa la sección, afecta nudos o deja acero expuesto. Debe revisarse profundidad, barras y ubicación.
Grietas, Fallas y Reparaciones;¿Qué error frecuente se comete con las cangrejeras profundas?;El error frecuente es cubrir sin explorar. Esto puede causar pérdida de sección.
Grietas, Fallas y Reparaciones;¿Qué consecuencias puede tener el error de cubrir sin explorar?;Este error puede generar pérdida de sección. La acción correcta es evaluar y reparar.
Grietas, Fallas y Reparaciones;¿Por qué es importante controlar las cangrejeras profundas?;Porque una ejecución incorrecta puede causar pérdida de sección. La referencia correcta es: Se retira material suelto y se revisa si atraviesa la sección, afecta nudos o deja acero expuesto.
Grietas, Fallas y Reparaciones;¿Por qué varias puertas dejan de cerrar?;Puede ser humedad, pero junto con grietas o pisos inclinados puede indicar asentamiento.
Grietas, Fallas y Reparaciones;¿Cuál es la forma correcta de resolver las puertas que se traban en una vivienda autoconstruida?;Puede ser humedad, pero junto con grietas o pisos inclinados puede indicar asentamiento.
Grietas, Fallas y Reparaciones;¿Cómo se verifica las puertas que se traban en obra?;Puede ser humedad, pero junto con grietas o pisos inclinados puede indicar asentamiento. Debe revisarse niveles, grietas y fechas.
Grietas, Fallas y Reparaciones;¿Qué error frecuente se comete con las puertas que se traban?;El error frecuente es rebajar puertas sin revisar. Esto puede causar ocultar movimiento.
Grietas, Fallas y Reparaciones;¿Qué consecuencias puede tener el error de rebajar puertas sin revisar?;Este error puede generar ocultar movimiento. La acción correcta es diagnosticar la edificación.
Grietas, Fallas y Reparaciones;¿Por qué es importante controlar las puertas que se traban?;Porque una ejecución incorrecta puede causar ocultar movimiento. La referencia correcta es: Puede ser humedad, pero junto con grietas o pisos inclinados puede indicar asentamiento.
Grietas, Fallas y Reparaciones;¿Qué daños obligan a evacuar después de un sismo?;Grietas diagonales anchas, concreto triturado, acero expuesto, inclinación, separación de losas o caída de elementos.
Grietas, Fallas y Reparaciones;¿Cuál es la forma correcta de resolver los daños post-sismo en una vivienda autoconstruida?;Grietas diagonales anchas, concreto triturado, acero expuesto, inclinación, separación de losas o caída de elementos.
Grietas, Fallas y Reparaciones;¿Cómo se verifica los daños post-sismo en obra?;Grietas diagonales anchas, concreto triturado, acero expuesto, inclinación, separación de losas o caída de elementos. Debe revisarse estructura, escalera y fachada.
Grietas, Fallas y Reparaciones;¿Qué error frecuente se comete con los daños post-sismo?;El error frecuente es ocupar sin revisar. Esto puede causar colapso en réplica.
Grietas, Fallas y Reparaciones;¿Qué consecuencias puede tener el error de ocupar sin revisar?;Este error puede generar colapso en réplica. La acción correcta es evacuar y restringir acceso.
Grietas, Fallas y Reparaciones;¿Por qué es importante controlar los daños post-sismo?;Porque una ejecución incorrecta puede causar colapso en réplica. La referencia correcta es: Grietas diagonales anchas, concreto triturado, acero expuesto, inclinación, separación de losas o caída de elementos.
Grietas, Fallas y Reparaciones;¿Una malla con tarrajeo repara una grieta estructural?;No. Puede tratar acabados, pero no restituye cimentación, muro, columna o conexión dañada.
Grietas, Fallas y Reparaciones;¿Cuál es la forma correcta de resolver la malla sobre grietas en una vivienda autoconstruida?;No. Puede tratar acabados, pero no restituye cimentación, muro, columna o conexión dañada.
Grietas, Fallas y Reparaciones;¿Cómo se verifica la malla sobre grietas en obra?;No. Puede tratar acabados, pero no restituye cimentación, muro, columna o conexión dañada. Debe revisarse profundidad y movimiento.
Grietas, Fallas y Reparaciones;¿Qué error frecuente se comete con la malla sobre grietas?;El error frecuente es ocultar una grieta activa. Esto puede causar reaparición y falsa seguridad.
Grietas, Fallas y Reparaciones;¿Qué consecuencias puede tener el error de ocultar una grieta activa?;Este error puede generar reaparición y falsa seguridad. La acción correcta es diagnosticar y reforzar.
Grietas, Fallas y Reparaciones;¿Por qué es importante controlar la malla sobre grietas?;Porque una ejecución incorrecta puede causar reaparición y falsa seguridad. La referencia correcta es: No. Puede tratar acabados, pero no restituye cimentación, muro, columna o conexión dañada.
Seguridad en la Autoconstrucción;¿Es necesario usar casco y botas en una obra pequeña?;Sí. Hay caída de objetos, clavos, acero y superficies irregulares, aunque sea una vivienda.
Seguridad en la Autoconstrucción;¿Cuál es la forma correcta de resolver el casco y calzado en una vivienda autoconstruida?;Sí. Hay caída de objetos, clavos, acero y superficies irregulares, aunque sea una vivienda.
Seguridad en la Autoconstrucción;¿Cómo se verifica el casco y calzado en obra?;Sí. Hay caída de objetos, clavos, acero y superficies irregulares, aunque sea una vivienda. Debe revisarse estado, ajuste y uso.
Seguridad en la Autoconstrucción;¿Qué error frecuente se comete con el casco y calzado?;El error frecuente es trabajar con sandalias y sin casco. Esto puede causar golpes y cortes graves.
Seguridad en la Autoconstrucción;¿Qué consecuencias puede tener el error de trabajar con sandalias y sin casco?;Este error puede generar golpes y cortes graves. La acción correcta es usar EPP adecuado.
Seguridad en la Autoconstrucción;¿Por qué es importante controlar el casco y calzado?;Porque una ejecución incorrecta puede causar golpes y cortes graves. La referencia correcta es: Sí. Hay caída de objetos, clavos, acero y superficies irregulares, aunque sea una vivienda.
Seguridad en la Autoconstrucción;¿Cuándo se colocan barandas temporales?;Desde que existe borde, hueco, escalera o desnivel con riesgo de caída.
Seguridad en la Autoconstrucción;¿Cuál es la forma correcta de resolver las barandas temporales en una vivienda autoconstruida?;Desde que existe borde, hueco, escalera o desnivel con riesgo de caída.
Seguridad en la Autoconstrucción;¿Cómo se verifica las barandas temporales en obra?;Desde que existe borde, hueco, escalera o desnivel con riesgo de caída. Debe revisarse resistencia, continuidad y fijación.
Seguridad en la Autoconstrucción;¿Qué error frecuente se comete con las barandas temporales?;El error frecuente es dejar bordes abiertos. Esto puede causar caída de personas.
Seguridad en la Autoconstrucción;¿Qué consecuencias puede tener el error de dejar bordes abiertos?;Este error puede generar caída de personas. La acción correcta es instalar protección colectiva.
Seguridad en la Autoconstrucción;¿Por qué es importante controlar las barandas temporales?;Porque una ejecución incorrecta puede causar caída de personas. La referencia correcta es: Desde que existe borde, hueco, escalera o desnivel con riesgo de caída.
Seguridad en la Autoconstrucción;¿El arnés sirve si no está conectado?;No. Necesita anclaje resistente, línea, sistema compatible y plan de rescate.
Seguridad en la Autoconstrucción;¿Cuál es la forma correcta de resolver el arnés y anclaje en una vivienda autoconstruida?;No. Necesita anclaje resistente, línea, sistema compatible y plan de rescate.
Seguridad en la Autoconstrucción;¿Cómo se verifica el arnés y anclaje en obra?;No. Necesita anclaje resistente, línea, sistema compatible y plan de rescate. Debe revisarse equipo, anclaje y distancia.
Seguridad en la Autoconstrucción;¿Qué error frecuente se comete con el arnés y anclaje?;El error frecuente es engancharlo a tubería o ladrillo. Esto puede causar caída fatal.
Seguridad en la Autoconstrucción;¿Qué consecuencias puede tener el error de engancharlo a tubería o ladrillo?;Este error puede generar caída fatal. La acción correcta es instalar sistema seguro.
Seguridad en la Autoconstrucción;¿Por qué es importante controlar el arnés y anclaje?;Porque una ejecución incorrecta puede causar caída fatal. La referencia correcta es: No. Necesita anclaje resistente, línea, sistema compatible y plan de rescate.
Seguridad en la Autoconstrucción;¿Se puede apoyar un andamio sobre ladrillos?;No. Necesita base firme, nivelación, arriostres, plataforma, acceso y barandas.
Seguridad en la Autoconstrucción;¿Cuál es la forma correcta de resolver los andamios en una vivienda autoconstruida?;No. Necesita base firme, nivelación, arriostres, plataforma, acceso y barandas.
Seguridad en la Autoconstrucción;¿Cómo se verifica los andamios en obra?;No. Necesita base firme, nivelación, arriostres, plataforma, acceso y barandas. Debe revisarse bases, uniones y verticalidad.
Seguridad en la Autoconstrucción;¿Qué error frecuente se comete con los andamios?;El error frecuente es usar pilas de ladrillo. Esto puede causar vuelco.
Seguridad en la Autoconstrucción;¿Qué consecuencias puede tener el error de usar pilas de ladrillo?;Este error puede generar vuelco. La acción correcta es desmontar y armar bien.
Seguridad en la Autoconstrucción;¿Por qué es importante controlar los andamios?;Porque una ejecución incorrecta puede causar vuelco. La referencia correcta es: No. Necesita base firme, nivelación, arriostres, plataforma, acceso y barandas.
Seguridad en la Autoconstrucción;¿Puedo pararme en los últimos peldaños de una escalera de mano?;"No. Debe conservarse apoyo y agarre y asegurar la base; tareas largas necesitan plataforma."
Seguridad en la Autoconstrucción;¿Cuál es la forma correcta de resolver las escaleras portátiles en una vivienda autoconstruida?;"No. Debe conservarse apoyo y agarre y asegurar la base; tareas largas necesitan plataforma."
Seguridad en la Autoconstrucción;¿Cómo se verifica las escaleras portátiles en obra?;"No. Debe conservarse apoyo y agarre y asegurar la base; tareas largas necesitan plataforma. Debe revisarse inclinación, amarre y peldaños."
Seguridad en la Autoconstrucción;¿Qué error frecuente se comete con las escaleras portátiles?;El error frecuente es usar escalera resbalosa o dañada. Esto puede causar caída.
Seguridad en la Autoconstrucción;¿Qué consecuencias puede tener el error de usar escalera resbalosa o dañada?;Este error puede generar caída. La acción correcta es asegurar o cambiar acceso.
Seguridad en la Autoconstrucción;¿Por qué es importante controlar las escaleras portátiles?;"Porque una ejecución incorrecta puede causar caída. La referencia correcta es: No. Debe conservarse apoyo y agarre y asegurar la base; tareas largas necesitan plataforma."
Seguridad en la Autoconstrucción;¿Deben cubrirse los fierros de espera?;Sí. Pueden causar empalamiento y requieren protección resistente y señalización.
Seguridad en la Autoconstrucción;¿Cuál es la forma correcta de resolver las puntas de fierro en una vivienda autoconstruida?;Sí. Pueden causar empalamiento y requieren protección resistente y señalización.
Seguridad en la Autoconstrucción;¿Cómo se verifica las puntas de fierro en obra?;Sí. Pueden causar empalamiento y requieren protección resistente y señalización. Debe revisarse altura, circulación y capuchones.
Seguridad en la Autoconstrucción;¿Qué error frecuente se comete con las puntas de fierro?;El error frecuente es dejar barras descubiertas. Esto puede causar lesión fatal.
Seguridad en la Autoconstrucción;¿Qué consecuencias puede tener el error de dejar barras descubiertas?;Este error puede generar lesión fatal. La acción correcta es proteger y restringir.
Seguridad en la Autoconstrucción;¿Por qué es importante controlar las puntas de fierro?;Porque una ejecución incorrecta puede causar lesión fatal. La referencia correcta es: Sí. Pueden causar empalamiento y requieren protección resistente y señalización.
Seguridad en la Autoconstrucción;¿Cómo sé si un encofrado soportará el concreto?;Debe verificarse para peso, trabajadores, vibrado y empuje, con puntales y arriostres estables.
Seguridad en la Autoconstrucción;¿Existe una medida mínima universal para el encofrado?;Debe verificarse para peso, trabajadores, vibrado y empuje, con puntales y arriostres estables.
Seguridad en la Autoconstrucción;¿Cómo se verifica el encofrado en obra?;Debe verificarse para peso, trabajadores, vibrado y empuje, con puntales y arriostres estables. Debe revisarse secciones, uniones y bases.
Seguridad en la Autoconstrucción;¿Qué error frecuente se comete con el encofrado?;El error frecuente es usar madera dañada y pocos puntales. Esto puede causar reventón o colapso.
Seguridad en la Autoconstrucción;¿Qué consecuencias puede tener el error de usar madera dañada y pocos puntales?;Este error puede generar reventón o colapso. La acción correcta es reforzar e inspeccionar.
Seguridad en la Autoconstrucción;¿Por qué es importante controlar el encofrado?;Porque una ejecución incorrecta puede causar reventón o colapso. La referencia correcta es: Debe verificarse para peso, trabajadores, vibrado y empuje, con puntales y arriostres estables.
Seguridad en la Autoconstrucción;¿Qué hago si un cable pasa por una zona mojada?;Desenergizar y corregir. No debe haber cables ni empalmes en charcos sin diferencial y tierra.
Seguridad en la Autoconstrucción;¿Cuál es la forma correcta de resolver la electricidad y agua en una vivienda autoconstruida?;Desenergizar y corregir. No debe haber cables ni empalmes en charcos sin diferencial y tierra.
Seguridad en la Autoconstrucción;¿Cómo se verifica la electricidad y agua en obra?;Desenergizar y corregir. No debe haber cables ni empalmes en charcos sin diferencial y tierra. Debe revisarse aislamiento, tablero y ruta.
Seguridad en la Autoconstrucción;¿Qué error frecuente se comete con la electricidad y agua?;El error frecuente es manipularlo energizado. Esto puede causar electrocución.
Seguridad en la Autoconstrucción;¿Qué consecuencias puede tener el error de manipularlo energizado?;Este error puede generar electrocución. La acción correcta es cortar energía.
Seguridad en la Autoconstrucción;¿Por qué es importante controlar la electricidad y agua?;Porque una ejecución incorrecta puede causar electrocución. La referencia correcta es: Desenergizar y corregir. No debe haber cables ni empalmes en charcos sin diferencial y tierra.
Seguridad en la Autoconstrucción;¿Puede la familia vivir dentro mientras se construye?;"Solo con separación física segura de polvo, electricidad, huecos, materiales y caída de objetos; a veces debe desalojarse."
Seguridad en la Autoconstrucción;¿Cuál es la forma correcta de resolver la presencia de niños en una vivienda autoconstruida?;"Solo con separación física segura de polvo, electricidad, huecos, materiales y caída de objetos; a veces debe desalojarse."
Seguridad en la Autoconstrucción;¿Cómo se verifica la presencia de niños en obra?;"Solo con separación física segura de polvo, electricidad, huecos, materiales y caída de objetos; a veces debe desalojarse. Debe revisarse cierres, accesos y evacuación."
Seguridad en la Autoconstrucción;¿Qué error frecuente se comete con la presencia de niños?;El error frecuente es dejar niños circular por obra. Esto puede causar accidentes graves.
Seguridad en la Autoconstrucción;¿Qué consecuencias puede tener el error de dejar niños circular por obra?;Este error puede generar accidentes graves. La acción correcta es aislar o desalojar.
Seguridad en la Autoconstrucción;¿Por qué es importante controlar la presencia de niños?;"Porque una ejecución incorrecta puede causar accidentes graves. La referencia correcta es: Solo con separación física segura de polvo, electricidad, huecos, materiales y caída de objetos; a veces debe desalojarse."
Seguridad en la Autoconstrucción;¿Por qué retirar clavos y escombros cada día?;Evita tropiezos, pinchazos, bloqueos y pérdidas. Deben existir rutas y zonas de acopio.
Seguridad en la Autoconstrucción;¿Cuál es la forma correcta de resolver el orden y limpieza en una vivienda autoconstruida?;Evita tropiezos, pinchazos, bloqueos y pérdidas. Deben existir rutas y zonas de acopio.
Seguridad en la Autoconstrucción;¿Cómo se verifica el orden y limpieza en obra?;Evita tropiezos, pinchazos, bloqueos y pérdidas. Deben existir rutas y zonas de acopio. Debe revisarse pasadizos, clavos y pilas.
Seguridad en la Autoconstrucción;¿Qué error frecuente se comete con el orden y limpieza?;El error frecuente es bloquear la escalera. Esto puede causar caídas y mala evacuación.
Seguridad en la Autoconstrucción;¿Qué consecuencias puede tener el error de bloquear la escalera?;Este error puede generar caídas y mala evacuación. La acción correcta es limpiar y liberar rutas.
Seguridad en la Autoconstrucción;¿Por qué es importante controlar el orden y limpieza?;Porque una ejecución incorrecta puede causar caídas y mala evacuación. La referencia correcta es: Evita tropiezos, pinchazos, bloqueos y pérdidas. Deben existir rutas y zonas de acopio.
Seguridad en la Autoconstrucción;¿Puede pasar una carga suspendida sobre personas?;No. Se delimita la zona y se usan accesorios inspeccionados y señalero.
Seguridad en la Autoconstrucción;¿Cuál es la forma correcta de resolver el izaje de materiales en una vivienda autoconstruida?;No. Se delimita la zona y se usan accesorios inspeccionados y señalero.
Seguridad en la Autoconstrucción;¿Cómo se verifica el izaje de materiales en obra?;No. Se delimita la zona y se usan accesorios inspeccionados y señalero. Debe revisarse peso, eslingas y radio.
Seguridad en la Autoconstrucción;¿Qué error frecuente se comete con el izaje de materiales?;El error frecuente es izar sobre trabajadores. Esto puede causar aplastamiento.
Seguridad en la Autoconstrucción;¿Qué consecuencias puede tener el error de izar sobre trabajadores?;Este error puede generar aplastamiento. La acción correcta es detener y reorganizar.
Seguridad en la Autoconstrucción;¿Por qué es importante controlar el izaje de materiales?;Porque una ejecución incorrecta puede causar aplastamiento. La referencia correcta es: No. Se delimita la zona y se usan accesorios inspeccionados y señalero.
Seguridad en la Autoconstrucción;¿Qué debe tener una obra para emergencias?;Botiquín, extintor, contactos, acceso, responsables y medios para cortar agua y electricidad.
Seguridad en la Autoconstrucción;¿Cuál es la forma correcta de resolver la respuesta a emergencias en una vivienda autoconstruida?;Botiquín, extintor, contactos, acceso, responsables y medios para cortar agua y electricidad.
Seguridad en la Autoconstrucción;¿Cómo se verifica la respuesta a emergencias en obra?;Botiquín, extintor, contactos, acceso, responsables y medios para cortar agua y electricidad. Debe revisarse vigencia, ubicación y capacitación.
Seguridad en la Autoconstrucción;¿Qué error frecuente se comete con la respuesta a emergencias?;El error frecuente es no saber cortar la energía. Esto puede causar agravar lesiones.
Seguridad en la Autoconstrucción;¿Qué consecuencias puede tener el error de no saber cortar la energía?;Este error puede generar agravar lesiones. La acción correcta es establecer un plan.
Seguridad en la Autoconstrucción;¿Por qué es importante controlar la respuesta a emergencias?;Porque una ejecución incorrecta puede causar agravar lesiones. La referencia correcta es: Botiquín, extintor, contactos, acceso, responsables y medios para cortar agua y electricidad.
Licencias, Planos y Responsables;¿Se necesita licencia para construir una vivienda?;Sí, salvo actuaciones expresamente exceptuadas. Sin licencia hay riesgo de paralización, multa y problemas registrales.
Licencias, Planos y Responsables;¿Qué establece el RNE sobre la licencia de construcción?;Sí, salvo actuaciones expresamente exceptuadas. Sin licencia hay riesgo de paralización, multa y problemas registrales.
Licencias, Planos y Responsables;¿Cómo se verifica la licencia de construcción en obra?;Sí, salvo actuaciones expresamente exceptuadas. Sin licencia hay riesgo de paralización, multa y problemas registrales. Debe revisarse modalidad, resolución, planos y vigencia.
Licencias, Planos y Responsables;¿Qué error frecuente se comete con la licencia de construcción?;El error frecuente es iniciar con solo un croquis. Esto puede causar sanción y obra incompatible.
Licencias, Planos y Responsables;¿Qué consecuencias puede tener el error de iniciar con solo un croquis?;Este error puede generar sanción y obra incompatible. La acción correcta es tramitar antes de construir.
Licencias, Planos y Responsables;¿Por qué es importante controlar la licencia de construcción?;Porque una ejecución incorrecta puede causar sanción y obra incompatible. La referencia correcta es: Sí, salvo actuaciones expresamente exceptuadas. Sin licencia hay riesgo de paralización, multa y problemas registrales.
Licencias, Planos y Responsables;¿Qué planos necesita una vivienda?;Arquitectura, estructuras, sanitarias, eléctricas y la información de suelos, coordinados y firmados.
Licencias, Planos y Responsables;¿Qué establece el RNE sobre los planos mínimos?;Arquitectura, estructuras, sanitarias, eléctricas y la información de suelos, coordinados y firmados.
Licencias, Planos y Responsables;¿Cómo se verifica los planos mínimos en obra?;Arquitectura, estructuras, sanitarias, eléctricas y la información de suelos, coordinados y firmados. Debe revisarse plantas, cortes, detalles y firmas.
Licencias, Planos y Responsables;¿Qué error frecuente se comete con los planos mínimos?;El error frecuente es construir solo con distribución. Esto puede causar improvisación.
Licencias, Planos y Responsables;¿Qué consecuencias puede tener el error de construir solo con distribución?;Este error puede generar improvisación. La acción correcta es completar el expediente.
Licencias, Planos y Responsables;¿Por qué es importante controlar los planos mínimos?;Porque una ejecución incorrecta puede causar improvisación. La referencia correcta es: Arquitectura, estructuras, sanitarias, eléctricas y la información de suelos, coordinados y firmados.
Licencias, Planos y Responsables;¿Qué debe indicar el plano de cimentación?;Ejes, tipos, dimensiones, profundidades, niveles, sobrecimientos, acero, arranques y detalles.
Licencias, Planos y Responsables;¿Existe una medida mínima universal para el plano de cimentación?;Ejes, tipos, dimensiones, profundidades, niveles, sobrecimientos, acero, arranques y detalles.
Licencias, Planos y Responsables;¿Cómo se verifica el plano de cimentación en obra?;Ejes, tipos, dimensiones, profundidades, niveles, sobrecimientos, acero, arranques y detalles. Debe revisarse cotas, secciones y correspondencia.
Licencias, Planos y Responsables;¿Qué error frecuente se comete con el plano de cimentación?;El error frecuente es decidir dimensiones al excavar. Esto puede causar errores de ejes y secciones.
Licencias, Planos y Responsables;¿Qué consecuencias puede tener el error de decidir dimensiones al excavar?;Este error puede generar errores de ejes y secciones. La acción correcta es obtener el plano antes.
Licencias, Planos y Responsables;¿Por qué es importante controlar el plano de cimentación?;Porque una ejecución incorrecta puede causar errores de ejes y secciones. La referencia correcta es: Ejes, tipos, dimensiones, profundidades, niveles, sobrecimientos, acero, arranques y detalles.
Licencias, Planos y Responsables;¿Dónde se indica qué muros son portantes?;En planos estructurales coordinados con arquitectura, con columnas, soleras, dinteles y acero.
Licencias, Planos y Responsables;¿Existe una medida mínima universal para el plano de muros y columnas?;En planos estructurales coordinados con arquitectura, con columnas, soleras, dinteles y acero.
Licencias, Planos y Responsables;¿Cómo se verifica el plano de muros y columnas en obra?;En planos estructurales coordinados con arquitectura, con columnas, soleras, dinteles y acero. Debe revisarse ejes, nomenclatura y continuidad.
Licencias, Planos y Responsables;¿Qué error frecuente se comete con el plano de muros y columnas?;El error frecuente es colocar columnas por comodidad. Esto puede causar sistema discontinuo.
Licencias, Planos y Responsables;¿Qué consecuencias puede tener el error de colocar columnas por comodidad?;Este error puede generar sistema discontinuo. La acción correcta es seguir la distribución aprobada.
Licencias, Planos y Responsables;¿Por qué es importante controlar el plano de muros y columnas?;Porque una ejecución incorrecta puede causar sistema discontinuo. La referencia correcta es: En planos estructurales coordinados con arquitectura, con columnas, soleras, dinteles y acero.
Licencias, Planos y Responsables;¿Puede un maestro firmar planos estructurales?;"No. El diseño y firma corresponden a profesionales habilitados; la experiencia del maestro no reemplaza cálculo y responsabilidad."
Licencias, Planos y Responsables;¿Qué establece el RNE sobre la firma profesional?;"No. El diseño y firma corresponden a profesionales habilitados; la experiencia del maestro no reemplaza cálculo y responsabilidad."
Licencias, Planos y Responsables;¿Cómo se verifica la firma profesional en obra?;"No. El diseño y firma corresponden a profesionales habilitados; la experiencia del maestro no reemplaza cálculo y responsabilidad. Debe revisarse colegiatura, habilitación y especialidad."
Licencias, Planos y Responsables;¿Qué error frecuente se comete con la firma profesional?;El error frecuente es usar planos sin responsable. Esto puede causar falta de control técnico.
Licencias, Planos y Responsables;¿Qué consecuencias puede tener el error de usar planos sin responsable?;Este error puede generar falta de control técnico. La acción correcta es contratar al profesional.
Licencias, Planos y Responsables;¿Por qué es importante controlar la firma profesional?;"Porque una ejecución incorrecta puede causar falta de control técnico. La referencia correcta es: No. El diseño y firma corresponden a profesionales habilitados; la experiencia del maestro no reemplaza cálculo y responsabilidad."
Licencias, Planos y Responsables;¿Se pueden cambiar muros o columnas durante la construcción?;Solo tras evaluar el impacto y actualizar planos o permisos. Una orden verbal no sustituye aprobación.
Licencias, Planos y Responsables;¿Qué establece el RNE sobre los cambios durante obra?;Solo tras evaluar el impacto y actualizar planos o permisos. Una orden verbal no sustituye aprobación.
Licencias, Planos y Responsables;¿Cómo se verifica los cambios durante obra en obra?;Solo tras evaluar el impacto y actualizar planos o permisos. Una orden verbal no sustituye aprobación. Debe revisarse registro, versión y firma.
Licencias, Planos y Responsables;¿Qué error frecuente se comete con los cambios durante obra?;El error frecuente es trabajar con cambios verbales. Esto puede causar incompatibilidades.
Licencias, Planos y Responsables;¿Qué consecuencias puede tener el error de trabajar con cambios verbales?;Este error puede generar incompatibilidades. La acción correcta es formalizar antes.
Licencias, Planos y Responsables;¿Por qué es importante controlar los cambios durante obra?;Porque una ejecución incorrecta puede causar incompatibilidades. La referencia correcta es: Solo tras evaluar el impacto y actualizar planos o permisos. Una orden verbal no sustituye aprobación.
Licencias, Planos y Responsables;¿Se necesita licencia para agregar un piso?;Debe tramitarse la autorización correspondiente porque cambia área, altura y cargas.
Licencias, Planos y Responsables;¿Qué establece el RNE sobre la licencia para otro piso?;Debe tramitarse la autorización correspondiente porque cambia área, altura y cargas.
Licencias, Planos y Responsables;¿Cómo se verifica la licencia para otro piso en obra?;Debe tramitarse la autorización correspondiente porque cambia área, altura y cargas. Debe revisarse parámetros, licencia anterior y planos.
Licencias, Planos y Responsables;¿Qué error frecuente se comete con la licencia para otro piso?;El error frecuente es construir sin trámite. Esto puede causar multa y riesgo.
Licencias, Planos y Responsables;¿Qué consecuencias puede tener el error de construir sin trámite?;Este error puede generar multa y riesgo. La acción correcta es regularizar antes.
Licencias, Planos y Responsables;¿Por qué es importante controlar la licencia para otro piso?;Porque una ejecución incorrecta puede causar multa y riesgo. La referencia correcta es: Debe tramitarse la autorización correspondiente porque cambia área, altura y cargas.
Licencias, Planos y Responsables;¿Toda vivienda sin licencia puede regularizarse?;No automáticamente. Debe cumplir procedimiento, parámetros, seguridad y condiciones aplicables.
Licencias, Planos y Responsables;¿Qué establece el RNE sobre la regularización?;No automáticamente. Debe cumplir procedimiento, parámetros, seguridad y condiciones aplicables.
Licencias, Planos y Responsables;¿Cómo se verifica la regularización en obra?;No automáticamente. Debe cumplir procedimiento, parámetros, seguridad y condiciones aplicables. Debe revisarse fecha, zonificación, propiedad y estructura.
Licencias, Planos y Responsables;¿Qué error frecuente se comete con la regularización?;El error frecuente es asumir que todo se regulariza. Esto puede causar gastos sin resultado.
Licencias, Planos y Responsables;¿Qué consecuencias puede tener el error de asumir que todo se regulariza?;Este error puede generar gastos sin resultado. La acción correcta es evaluar viabilidad.
Licencias, Planos y Responsables;¿Por qué es importante controlar la regularización?;Porque una ejecución incorrecta puede causar gastos sin resultado. La referencia correcta es: No automáticamente. Debe cumplir procedimiento, parámetros, seguridad y condiciones aplicables.
Licencias, Planos y Responsables;¿Para qué sirve la conformidad de obra?;"Cierra el procedimiento municipal y permite avanzar a declaratoria e inscripción; lo construido debe coincidir con lo aprobado."
Licencias, Planos y Responsables;¿Qué establece el RNE sobre la conformidad de obra?;"Cierra el procedimiento municipal y permite avanzar a declaratoria e inscripción; lo construido debe coincidir con lo aprobado."
Licencias, Planos y Responsables;¿Cómo se verifica la conformidad de obra en obra?;"Cierra el procedimiento municipal y permite avanzar a declaratoria e inscripción; lo construido debe coincidir con lo aprobado. Debe revisarse planos finales y áreas."
Licencias, Planos y Responsables;¿Qué error frecuente se comete con la conformidad de obra?;El error frecuente es terminar distinto al expediente. Esto puede causar observaciones y falta de cierre.
Licencias, Planos y Responsables;¿Qué consecuencias puede tener el error de terminar distinto al expediente?;Este error puede generar observaciones y falta de cierre. La acción correcta es corregir o modificar.
Licencias, Planos y Responsables;¿Por qué es importante controlar la conformidad de obra?;"Porque una ejecución incorrecta puede causar observaciones y falta de cierre. La referencia correcta es: Cierra el procedimiento municipal y permite avanzar a declaratoria e inscripción; lo construido debe coincidir con lo aprobado."
Licencias, Planos y Responsables;¿Para qué se inscribe la construcción?;Para que la partida refleje la edificación y facilitar venta, independización, herencia o crédito.
Licencias, Planos y Responsables;¿Qué establece el RNE sobre la declaratoria de edificación?;Para que la partida refleje la edificación y facilitar venta, independización, herencia o crédito.
Licencias, Planos y Responsables;¿Cómo se verifica la declaratoria de edificación en obra?;Para que la partida refleje la edificación y facilitar venta, independización, herencia o crédito. Debe revisarse partida, planos y titularidad.
Licencias, Planos y Responsables;¿Qué error frecuente se comete con la declaratoria de edificación?;El error frecuente es dejar registrado solo terreno. Esto puede causar problemas legales.
Licencias, Planos y Responsables;¿Qué consecuencias puede tener el error de dejar registrado solo terreno?;Este error puede generar problemas legales. La acción correcta es sanear la edificación.
Licencias, Planos y Responsables;¿Por qué es importante controlar la declaratoria de edificación?;Porque una ejecución incorrecta puede causar problemas legales. La referencia correcta es: Para que la partida refleje la edificación y facilitar venta, independización, herencia o crédito.
Licencias, Planos y Responsables;¿Puedo construir con un plano descargado?;Solo como referencia. No responde al lote, suelo, sismo, cargas ni normas locales.
Licencias, Planos y Responsables;¿Cuál es la forma correcta de resolver los planos de internet en una vivienda autoconstruida?;Solo como referencia. No responde al lote, suelo, sismo, cargas ni normas locales.
Licencias, Planos y Responsables;¿Cómo se verifica los planos de internet en obra?;Solo como referencia. No responde al lote, suelo, sismo, cargas ni normas locales. Debe revisarse lote, orientación y firmas.
Licencias, Planos y Responsables;¿Qué error frecuente se comete con los planos de internet?;El error frecuente es copiar un proyecto ajeno. Esto puede causar incumplimiento y estructura inadecuada.
Licencias, Planos y Responsables;¿Qué consecuencias puede tener el error de copiar un proyecto ajeno?;Este error puede generar incumplimiento y estructura inadecuada. La acción correcta es hacer proyecto específico.
Licencias, Planos y Responsables;¿Por qué es importante controlar los planos de internet?;Porque una ejecución incorrecta puede causar incumplimiento y estructura inadecuada. La referencia correcta es: Solo como referencia. No responde al lote, suelo, sismo, cargas ni normas locales.
Licencias, Planos y Responsables;¿Quién responde si el propietario ordena quitar acero?;El propietario debe respetar planos, permisos y responsables y no ordenar cambios que comprometan seguridad.
Licencias, Planos y Responsables;¿Qué establece el RNE sobre la responsabilidad del propietario?;El propietario debe respetar planos, permisos y responsables y no ordenar cambios que comprometan seguridad.
Licencias, Planos y Responsables;¿Cómo se verifica la responsabilidad del propietario en obra?;El propietario debe respetar planos, permisos y responsables y no ordenar cambios que comprometan seguridad. Debe revisarse instrucciones, contratos y registros.
Licencias, Planos y Responsables;¿Qué error frecuente se comete con la responsabilidad del propietario?;El error frecuente es quitar acero o muros para ahorrar. Esto puede causar daño y responsabilidad.
Licencias, Planos y Responsables;¿Qué consecuencias puede tener el error de quitar acero o muros para ahorrar?;Este error puede generar daño y responsabilidad. La acción correcta es detener cambios no aprobados.
Licencias, Planos y Responsables;¿Por qué es importante controlar la responsabilidad del propietario?;Porque una ejecución incorrecta puede causar daño y responsabilidad. La referencia correcta es: El propietario debe respetar planos, permisos y responsables y no ordenar cambios que comprometan seguridad.
Compra de Materiales y Control de Calidad;¿Cómo se guarda el cemento?;Seco, elevado, separado de muros húmedos, cubierto y ordenado por fecha.
Compra de Materiales y Control de Calidad;¿Cuál es la forma correcta de resolver el almacenamiento de cemento en una vivienda autoconstruida?;Seco, elevado, separado de muros húmedos, cubierto y ordenado por fecha.
Compra de Materiales y Control de Calidad;¿Cómo se verifica el almacenamiento de cemento en obra?;Seco, elevado, separado de muros húmedos, cubierto y ordenado por fecha. Debe revisarse tarimas, techo y grumos.
Compra de Materiales y Control de Calidad;¿Qué error frecuente se comete con el almacenamiento de cemento?;El error frecuente es poner bolsas en piso húmedo. Esto puede causar deterioro.
Compra de Materiales y Control de Calidad;¿Qué consecuencias puede tener el error de poner bolsas en piso húmedo?;Este error puede generar deterioro. La acción correcta es separar y proteger.
Compra de Materiales y Control de Calidad;¿Por qué es importante controlar el almacenamiento de cemento?;Porque una ejecución incorrecta puede causar deterioro. La referencia correcta es: Seco, elevado, separado de muros húmedos, cubierto y ordenado por fecha.
Compra de Materiales y Control de Calidad;¿Se puede usar cemento con grumos?;"Grumos duros indican hidratación y deterioro; en elementos estructurales debe rechazarse material dudoso."
Compra de Materiales y Control de Calidad;¿Cuál es la forma correcta de resolver el cemento con grumos en una vivienda autoconstruida?;"Grumos duros indican hidratación y deterioro; en elementos estructurales debe rechazarse material dudoso."
Compra de Materiales y Control de Calidad;¿Cómo se verifica el cemento con grumos en obra?;"Grumos duros indican hidratación y deterioro; en elementos estructurales debe rechazarse material dudoso. Debe revisarse fecha, dureza y bolsa."
Compra de Materiales y Control de Calidad;¿Qué error frecuente se comete con el cemento con grumos?;El error frecuente es romper cemento endurecido. Esto puede causar resistencia impredecible.
Compra de Materiales y Control de Calidad;¿Qué consecuencias puede tener el error de romper cemento endurecido?;Este error puede generar resistencia impredecible. La acción correcta es rechazar o ensayar.
Compra de Materiales y Control de Calidad;¿Por qué es importante controlar el cemento con grumos?;"Porque una ejecución incorrecta puede causar resistencia impredecible. La referencia correcta es: Grumos duros indican hidratación y deterioro; en elementos estructurales debe rechazarse material dudoso."
Compra de Materiales y Control de Calidad;¿Importa la fecha de fabricación?;"Sí. Deben revisarse fecha, estado y almacenamiento; una bolsa antigua o húmeda no se acepta solo por estar cerrada."
Compra de Materiales y Control de Calidad;¿Cuál es la forma correcta de resolver la antigüedad del cemento en una vivienda autoconstruida?;"Sí. Deben revisarse fecha, estado y almacenamiento; una bolsa antigua o húmeda no se acepta solo por estar cerrada."
Compra de Materiales y Control de Calidad;¿Cómo se verifica la antigüedad del cemento en obra?;"Sí. Deben revisarse fecha, estado y almacenamiento; una bolsa antigua o húmeda no se acepta solo por estar cerrada. Debe revisarse fecha, integridad y grumos."
Compra de Materiales y Control de Calidad;¿Qué error frecuente se comete con la antigüedad del cemento?;El error frecuente es comprar lote viejo por barato. Esto puede causar pérdida de desempeño.
Compra de Materiales y Control de Calidad;¿Qué consecuencias puede tener el error de comprar lote viejo por barato?;Este error puede generar pérdida de desempeño. La acción correcta es usar material trazable.
Compra de Materiales y Control de Calidad;¿Por qué es importante controlar la antigüedad del cemento?;"Porque una ejecución incorrecta puede causar pérdida de desempeño. La referencia correcta es: Sí. Deben revisarse fecha, estado y almacenamiento; una bolsa antigua o húmeda no se acepta solo por estar cerrada."
Compra de Materiales y Control de Calidad;¿Cómo se revisa la arena?;Por limpieza, granulometría, humedad, sales, materia orgánica y uniformidad.
Compra de Materiales y Control de Calidad;¿Cuál es la forma correcta de resolver la calidad de la arena en una vivienda autoconstruida?;Por limpieza, granulometría, humedad, sales, materia orgánica y uniformidad.
Compra de Materiales y Control de Calidad;¿Cómo se verifica la calidad de la arena en obra?;Por limpieza, granulometría, humedad, sales, materia orgánica y uniformidad. Debe revisarse muestra, terrones y polvo.
Compra de Materiales y Control de Calidad;¿Qué error frecuente se comete con la calidad de la arena?;El error frecuente es recibir arena con tierra. Esto puede causar fisuras y baja resistencia.
Compra de Materiales y Control de Calidad;¿Qué consecuencias puede tener el error de recibir arena con tierra?;Este error puede generar fisuras y baja resistencia. La acción correcta es rechazar o acondicionar.
Compra de Materiales y Control de Calidad;¿Por qué es importante controlar la calidad de la arena?;Porque una ejecución incorrecta puede causar fisuras y baja resistencia. La referencia correcta es: Por limpieza, granulometría, humedad, sales, materia orgánica y uniformidad.
Compra de Materiales y Control de Calidad;¿Cómo se revisa la piedra chancada?;Debe estar limpia, graduada y sin exceso de partículas planas, polvo o material blando.
Compra de Materiales y Control de Calidad;¿Cuál es la forma correcta de resolver la calidad de piedra chancada en una vivienda autoconstruida?;Debe estar limpia, graduada y sin exceso de partículas planas, polvo o material blando.
Compra de Materiales y Control de Calidad;¿Cómo se verifica la calidad de piedra chancada en obra?;Debe estar limpia, graduada y sin exceso de partículas planas, polvo o material blando. Debe revisarse tamaño, limpieza y forma.
Compra de Materiales y Control de Calidad;¿Qué error frecuente se comete con la calidad de piedra chancada?;El error frecuente es usar piedra con barro. Esto puede causar segregación.
Compra de Materiales y Control de Calidad;¿Qué consecuencias puede tener el error de usar piedra con barro?;Este error puede generar segregación. La acción correcta es lavar o rechazar.
Compra de Materiales y Control de Calidad;¿Por qué es importante controlar la calidad de piedra chancada?;Porque una ejecución incorrecta puede causar segregación. La referencia correcta es: Debe estar limpia, graduada y sin exceso de partículas planas, polvo o material blando.
Compra de Materiales y Control de Calidad;¿Qué debo exigir al comprar fierro?;Marca, grado, diámetro, trazabilidad, estado y comprobante.
Compra de Materiales y Control de Calidad;¿Cuál es la forma correcta de resolver la compra de acero en una vivienda autoconstruida?;Marca, grado, diámetro, trazabilidad, estado y comprobante.
Compra de Materiales y Control de Calidad;¿Cómo se verifica la compra de acero en obra?;Marca, grado, diámetro, trazabilidad, estado y comprobante. Debe revisarse marcas, diámetro y lote.
Compra de Materiales y Control de Calidad;¿Qué error frecuente se comete con la compra de acero?;El error frecuente es comprar acero sin identificación. Esto puede causar área menor o material no conforme.
Compra de Materiales y Control de Calidad;¿Qué consecuencias puede tener el error de comprar acero sin identificación?;Este error puede generar área menor o material no conforme. La acción correcta es medir y rechazar.
Compra de Materiales y Control de Calidad;¿Por qué es importante controlar la compra de acero?;Porque una ejecución incorrecta puede causar área menor o material no conforme. La referencia correcta es: Marca, grado, diámetro, trazabilidad, estado y comprobante.
Compra de Materiales y Control de Calidad;¿Cómo sé si el fierro tiene el diámetro ofrecido?;Con identificación, medición correcta y control de peso por longitud o certificado.
Compra de Materiales y Control de Calidad;¿Cuál es la forma correcta de resolver el diámetro real del acero en una vivienda autoconstruida?;Con identificación, medición correcta y control de peso por longitud o certificado.
Compra de Materiales y Control de Calidad;¿Cómo se verifica el diámetro real del acero en obra?;Con identificación, medición correcta y control de peso por longitud o certificado. Debe revisarse diámetro, masa y marcas.
Compra de Materiales y Control de Calidad;¿Qué error frecuente se comete con el diámetro real del acero?;El error frecuente es confiar solo en pintura. Esto puede causar barra subdimensionada.
Compra de Materiales y Control de Calidad;¿Qué consecuencias puede tener el error de confiar solo en pintura?;Este error puede generar barra subdimensionada. La acción correcta es verificar el lote.
Compra de Materiales y Control de Calidad;¿Por qué es importante controlar el diámetro real del acero?;Porque una ejecución incorrecta puede causar barra subdimensionada. La referencia correcta es: Con identificación, medición correcta y control de peso por longitud o certificado.
Compra de Materiales y Control de Calidad;¿Qué se revisa al recibir ladrillos?;Tipo, marca, dimensiones, fisuras, alabeo, roturas y uniformidad.
Compra de Materiales y Control de Calidad;¿Cuál es la forma correcta de resolver la recepción de ladrillos en una vivienda autoconstruida?;Tipo, marca, dimensiones, fisuras, alabeo, roturas y uniformidad.
Compra de Materiales y Control de Calidad;¿Cómo se verifica la recepción de ladrillos en obra?;Tipo, marca, dimensiones, fisuras, alabeo, roturas y uniformidad. Debe revisarse muestras de todo el lote.
Compra de Materiales y Control de Calidad;¿Qué error frecuente se comete con la recepción de ladrillos?;El error frecuente es aceptar muchas piezas rotas. Esto puede causar desperdicio y muros irregulares.
Compra de Materiales y Control de Calidad;¿Qué consecuencias puede tener el error de aceptar muchas piezas rotas?;Este error puede generar desperdicio y muros irregulares. La acción correcta es separar y reclamar.
Compra de Materiales y Control de Calidad;¿Por qué es importante controlar la recepción de ladrillos?;Porque una ejecución incorrecta puede causar desperdicio y muros irregulares. La referencia correcta es: Tipo, marca, dimensiones, fisuras, alabeo, roturas y uniformidad.
Compra de Materiales y Control de Calidad;¿Se puede dosificar concreto con latas?;Solo con recipientes uniformes y calibrados y una dosificación validada, controlando agua y humedad.
Compra de Materiales y Control de Calidad;¿Cuál es la forma correcta de resolver la dosificación con latas en una vivienda autoconstruida?;Solo con recipientes uniformes y calibrados y una dosificación validada, controlando agua y humedad.
Compra de Materiales y Control de Calidad;¿Cómo se verifica la dosificación con latas en obra?;Solo con recipientes uniformes y calibrados y una dosificación validada, controlando agua y humedad. Debe revisarse volumen, proporciones y agua.
Compra de Materiales y Control de Calidad;¿Qué error frecuente se comete con la dosificación con latas?;El error frecuente es usar latas distintas. Esto puede causar resistencias variables.
Compra de Materiales y Control de Calidad;¿Qué consecuencias puede tener el error de usar latas distintas?;Este error puede generar resistencias variables. La acción correcta es estandarizar recipientes.
Compra de Materiales y Control de Calidad;¿Por qué es importante controlar la dosificación con latas?;Porque una ejecución incorrecta puede causar resistencias variables. La referencia correcta es: Solo con recipientes uniformes y calibrados y una dosificación validada, controlando agua y humedad.
Compra de Materiales y Control de Calidad;¿Es necesario sacar probetas en una vivienda pequeña?;El control de resistencia es la comprobación objetiva. La frecuencia depende del proyecto, pero el tamaño pequeño no elimina la necesidad.
Compra de Materiales y Control de Calidad;¿Existe una medida mínima universal para las probetas de concreto?;El control de resistencia es la comprobación objetiva. La frecuencia depende del proyecto, pero el tamaño pequeño no elimina la necesidad.
Compra de Materiales y Control de Calidad;¿Cómo se verifica las probetas de concreto en obra?;El control de resistencia es la comprobación objetiva. La frecuencia depende del proyecto, pero el tamaño pequeño no elimina la necesidad. Debe revisarse identificación, curado y laboratorio.
Compra de Materiales y Control de Calidad;¿Qué error frecuente se comete con las probetas de concreto?;El error frecuente es hacer probetas sin código. Esto puede causar resultados no representativos.
Compra de Materiales y Control de Calidad;¿Qué consecuencias puede tener el error de hacer probetas sin código?;Este error puede generar resultados no representativos. La acción correcta es aplicar un protocolo.
Compra de Materiales y Control de Calidad;¿Por qué es importante controlar las probetas de concreto?;Porque una ejecución incorrecta puede causar resultados no representativos. La referencia correcta es: El control de resistencia es la comprobación objetiva. La frecuencia depende del proyecto, pero el tamaño pequeño no elimina la necesidad.
Compra de Materiales y Control de Calidad;¿Sirve tomar fotos del acero y tuberías?;"Sí, con escala, ubicación y fecha; ayudan en control y mantenimiento, pero no sustituyen inspección."
Compra de Materiales y Control de Calidad;¿Cuál es la forma correcta de resolver las fotos de trabajos ocultos en una vivienda autoconstruida?;"Sí, con escala, ubicación y fecha; ayudan en control y mantenimiento, pero no sustituyen inspección."
Compra de Materiales y Control de Calidad;¿Cómo se verifica las fotos de trabajos ocultos en obra?;"Sí, con escala, ubicación y fecha; ayudan en control y mantenimiento, pero no sustituyen inspección. Debe revisarse ejes, etiquetas y respaldo."
Compra de Materiales y Control de Calidad;¿Qué error frecuente se comete con las fotos de trabajos ocultos?;El error frecuente es no documentar lo oculto. Esto puede causar cortes accidentales futuros.
Compra de Materiales y Control de Calidad;¿Por qué es importante controlar las fotos de trabajos ocultos?;"Porque una ejecución incorrecta puede causar cortes accidentales futuros. La referencia correcta es: Sí, con escala, ubicación y fecha; ayudan en control y mantenimiento, pero no sustituyen inspección."
Compra de Materiales y Control de Calidad;¿Siempre conviene comprar lo más barato?;No. Deben compararse especificación, rendimiento, garantía, procedencia y costo total.
Compra de Materiales y Control de Calidad;¿Cuál es la forma correcta de resolver la compra por menor precio en una vivienda autoconstruida?;No. Deben compararse especificación, rendimiento, garantía, procedencia y costo total.
Compra de Materiales y Control de Calidad;¿Cómo se verifica la compra por menor precio en obra?;No. Deben compararse especificación, rendimiento, garantía, procedencia y costo total. Debe revisarse fichas, comprobantes y lote.
Compra de Materiales y Control de Calidad;¿Qué error frecuente se comete con la compra por menor precio?;El error frecuente es comprar sin marca ni ficha. Esto puede causar fallas tempranas.
Compra de Materiales y Control de Calidad;¿Qué consecuencias puede tener el error de comprar sin marca ni ficha?;Este error puede generar fallas tempranas. La acción correcta es comparar desempeño.
Compra de Materiales y Control de Calidad;¿Por qué es importante controlar la compra por menor precio?;Porque una ejecución incorrecta puede causar fallas tempranas. La referencia correcta es: No. Deben compararse especificación, rendimiento, garantía, procedencia y costo total.
Escaleras: Diseño, Estructura y Seguridad;¿Cuál es el paso mínimo de una escalera en una vivienda?;En una escalera de vivienda, el paso o huella debe tener como mínimo 0.25 m, medido en la proyección horizontal útil del peldaño. El acabado final no debe reducir esa dimensión.
Escaleras: Diseño, Estructura y Seguridad;¿Cuál es el paso mínimo de una escalera en una edificación industrial?;En una edificación industrial, la huella mínima indicada por la Norma A.010 es 0.25 m.
Escaleras: Diseño, Estructura y Seguridad;¿Cuál es el paso mínimo de una escalera en un comercio?;En comercio, la huella mínima es 0.28 m. Una escalera comercial con huellas de 0.25 m no cumple ese mínimo.
Escaleras: Diseño, Estructura y Seguridad;¿Cuál es el paso mínimo de una escalera en una oficina?;En oficinas, la huella mínima es 0.28 m.
Escaleras: Diseño, Estructura y Seguridad;¿Cuál es el paso mínimo de una escalera en un hospedaje?;En hospedajes, la huella mínima es 0.28 m.
Escaleras: Diseño, Estructura y Seguridad;¿Cuál es el paso mínimo de una escalera en un local de servicios comunales?;En servicios comunales, la huella mínima es 0.28 m.
Escaleras: Diseño, Estructura y Seguridad;¿Cuál es el paso mínimo de una escalera en un establecimiento de salud?;En establecimientos de salud, la huella mínima es 0.30 m.
Escaleras: Diseño, Estructura y Seguridad;¿Cuál es el paso mínimo de una escalera en un centro educativo?;En edificaciones educativas, la huella mínima es 0.30 m.
Escaleras: Diseño, Estructura y Seguridad;¿Cuál es el paso mínimo de una escalera en un local de recreación o deportes?;En locales de recreación y deportes, la huella mínima es 0.30 m.
Escaleras: Diseño, Estructura y Seguridad;¿Cuál es el paso mínimo de una escalera en un terminal de transporte o comunicaciones?;En edificaciones de transporte y comunicaciones, la huella mínima es 0.30 m.
Escaleras: Diseño, Estructura y Seguridad;¿Cuál es el contrapaso máximo de una escalera?;El contrapaso o contrahuella no debe exceder 0.18 m. Puede diseñarse menor, pero todos los contrapasos del tramo deben conservar una geometría uniforme y segura.
Escaleras: Diseño, Estructura y Seguridad;¿Se puede construir una escalera con contrapasos de 19 cm?;No como solución ordinaria conforme a la Norma A.010, porque supera el máximo de 0.18 m. Debe redistribuirse la altura total aumentando el número de contrapasos.
Escaleras: Diseño, Estructura y Seguridad;¿Se puede construir una escalera con contrapasos de 20 cm?;No. Un contrapaso de 0.20 m supera el máximo de 0.18 m establecido para escaleras.
Escaleras: Diseño, Estructura y Seguridad;¿Cuántos peldaños puede tener una escalera entre descansos?;Una escalera puede tener como máximo 17 pasos entre descansos. Si el tramo necesita más, debe incorporarse otro descanso.
Escaleras: Diseño, Estructura y Seguridad;¿Puede una escalera tener 18 pasos seguidos sin descanso?;No. La Norma A.010 limita a 17 el número máximo de pasos entre descansos.
Escaleras: Diseño, Estructura y Seguridad;¿Cuál es la longitud mínima del descanso de una escalera lineal?;En una escalera lineal, el descanso debe tener como mínimo 0.90 m de longitud.
Escaleras: Diseño, Estructura y Seguridad;¿Puede el descanso de una escalera lineal medir 60 cm?;No. Un descanso lineal de 0.60 m es menor que el mínimo de 0.90 m.
Escaleras: Diseño, Estructura y Seguridad;¿Qué ancho debe tener el descanso de una escalera que cambia de dirección?;En una escalera no lineal, el descanso debe tener como mínimo el mismo ancho del tramo de la escalera.
Escaleras: Diseño, Estructura y Seguridad;¿Cuál es el ancho mínimo de una escalera interior de una vivienda?;Cuando la escalera está entre muros, el ancho libre mínimo es 0.90 m.
Escaleras: Diseño, Estructura y Seguridad;¿Puede una escalera interior de vivienda tener 80 cm de ancho?;Sí únicamente en las configuraciones permitidas por la Norma A.020, como una escalera con un lado abierto o dos tramos sin muro intermedio. Si está entre muros, el mínimo es 0.90 m.
Escaleras: Diseño, Estructura y Seguridad;¿Puede una escalera interior entre paredes tener solo 70 cm de ancho?;No. Para una vivienda, el ancho libre mínimo entre muros es 0.90 m.
Escaleras: Diseño, Estructura y Seguridad;¿Cuál es el ancho mínimo de una escalera de vivienda con un lado abierto?;En una vivienda, cuando uno de los lados está abierto, el ancho mínimo puede ser 0.80 m.
Escaleras: Diseño, Estructura y Seguridad;¿Cuál es el ancho mínimo de una escalera de dos tramos sin muro intermedio?;En vivienda, dos tramos sin muro intermedio pueden tener un ancho mínimo de 0.80 m.
Escaleras: Diseño, Estructura y Seguridad;¿Cuál es el ancho mínimo de una escalera integrada en un edificio multifamiliar?;En viviendas multifamiliares o conjuntos residenciales, una escalera integrada de uso común debe tener como mínimo 1.20 m entre muros.
Escaleras: Diseño, Estructura y Seguridad;¿Cuál es el ancho mínimo de una escalera exterior que sirve a dos viviendas del piso superior?;Una escalera exterior que sirve a una vivienda bifamiliar o a dos unidades del nivel superior debe tener como mínimo 1.00 m.
Escaleras: Diseño, Estructura y Seguridad;¿Cuál es el ancho mínimo de una escalera protegida?;La escalera protegida debe tener un ancho libre mínimo de 1.20 m y pasamanos en ambos lados.
Escaleras: Diseño, Estructura y Seguridad;¿Cuál es el ancho mínimo de la puerta de acceso a una escalera protegida?;La puerta de acceso a una escalera protegida debe tener como mínimo 1.00 m de ancho.
Escaleras: Diseño, Estructura y Seguridad;¿Cómo se mide el ancho de una escalera?;Se mide como ancho libre entre muros, cerramientos o límites terminados del tramo. Debe considerarse el acabado final y cualquier elemento que invada la circulación.
Escaleras: Diseño, Estructura y Seguridad;¿El pasamanos reduce el ancho útil de una escalera?;Un pasamanos colocado hasta 0.10 m desde el muro no reduce el ancho exigido. Si sobresale más, la escalera debe ensancharse para conservar el ancho libre requerido.
Escaleras: Diseño, Estructura y Seguridad;¿A qué altura debe colocarse el pasamanos de una escalera interior de vivienda?;La Norma A.020 exige por lo menos un pasamanos a 1.00 m de altura en las escaleras interiores de vivienda.
Escaleras: Diseño, Estructura y Seguridad;¿Cuál es la altura mínima de la baranda inclinada de una escalera?;En el tramo inclinado de una escalera, la baranda debe tener como mínimo 0.85 m, medidos verticalmente desde el borde del paso.
Escaleras: Diseño, Estructura y Seguridad;¿Cuál es la altura mínima de una baranda en un descanso de escalera?;Como regla general, la baranda debe tener como mínimo 1.00 m. Cuando la diferencia de nivel es de 11.00 m o más, o en azoteas, el mínimo es 1.10 m.
Escaleras: Diseño, Estructura y Seguridad;¿Cuándo una escalera necesita baranda?;Debe protegerse con baranda o antepecho todo borde abierto cuya diferencia de nivel con el piso inferior sea mayor de 1.00 m.
Escaleras: Diseño, Estructura y Seguridad;¿Qué separación máxima pueden tener los elementos de una baranda de escalera?;La baranda abierta no debe permitir el paso de una esfera de 0.15 m de diámetro. Esto busca evitar que una persona, especialmente un niño, atraviese el espacio.
Escaleras: Diseño, Estructura y Seguridad;¿Se puede hacer una escalera caracol dentro de una vivienda?;Sí, pero debe respetar la geometría permitida. En vivienda, la huella debe medir como mínimo 0.25 m a una distancia de 0.50 m del eje de la escalera.
Escaleras: Diseño, Estructura y Seguridad;¿Se pueden usar peldaños en abanico en una escalera de vivienda?;Sí, siempre que la huella tenga como mínimo 0.25 m medida a 0.50 m del eje o extremo interior de giro.
Escaleras: Diseño, Estructura y Seguridad;¿Qué medida debe tener un peldaño diagonal de una escalera integrada?;En una escalera integrada con peldaños diagonales, la huella debe tener por lo menos 0.28 m medida a 0.30 m del inicio del peldaño.
Escaleras: Diseño, Estructura y Seguridad;¿Cuántos pisos puede conectar una escalera caracol integrada?;Una escalera caracol integrada puede comunicar como máximo dos pisos o niveles continuos, servir hasta cinco personas y contar con pasamanos a ambos lados.
Escaleras: Diseño, Estructura y Seguridad;¿Una escalera tipo gato puede usarse como escalera principal de una vivienda?;No. La escalera tipo gato se admite para acceder a ambientes técnicos o de mantenimiento, no como circulación principal ni ruta ordinaria de evacuación.
Escaleras: Diseño, Estructura y Seguridad;¿Desde qué altura debe protegerse una escalera tipo gato?;La protección de la escalera tipo gato debe iniciarse a partir de 2.10 m de altura.
Escaleras: Diseño, Estructura y Seguridad;¿La escalera común debe llegar hasta la azotea de uso común?;Sí. Cuando la azotea es de uso común, debe accederse mediante la continuación de la escalera común.
Escaleras: Diseño, Estructura y Seguridad;¿Cuál debe ser la altura libre sobre una escalera?;Como criterio general de la Norma A.010, la altura libre bajo elementos horizontales no debe ser menor de 2.10 m. La geometría debe verificarse sobre toda la línea de circulación de la escalera.
Escaleras: Diseño, Estructura y Seguridad;¿Puede una viga dejar solo 1.90 m de altura libre sobre una escalera?;No es una solución aceptable como circulación ordinaria, porque queda por debajo de la altura libre general de 2.10 m y genera riesgo de golpes.
Escaleras: Diseño, Estructura y Seguridad;¿Todos los peldaños de una escalera deben tener la misma medida?;Sí. Los pasos y contrapasos deben mantenerse uniformes dentro del tramo. Las variaciones, especialmente en el primer o último peldaño, aumentan mucho el riesgo de caída.
Escaleras: Diseño, Estructura y Seguridad;¿Cómo se calcula el número de contrapasos de una escalera?;Se divide la altura terminada entre pisos entre un contrapaso tentativo no mayor de 0.18 m, se redondea a un número entero y luego se recalcula para que todos sean iguales.
Escaleras: Diseño, Estructura y Seguridad;¿Cómo se calcula el número de pasos de una escalera?;En un tramo que une dos niveles, normalmente hay un paso menos que contrapasos porque el piso superior funciona como la última llegada. La planta debe verificarse con la cantidad real de huellas y descansos.
Escaleras: Diseño, Estructura y Seguridad;¿Cuál es la diferencia entre paso y contrapaso de una escalera?;El paso o huella es la superficie horizontal donde se apoya el pie. El contrapaso o contrahuella es la altura vertical entre dos pasos consecutivos.
Escaleras: Diseño, Estructura y Seguridad;¿Cuál es la diferencia entre el peldaño y la garganta de una escalera?;El peldaño es la geometría donde se pisa. La garganta es el espesor de la losa inclinada de concreto que trabaja estructuralmente debajo de los peldaños.
Escaleras: Diseño, Estructura y Seguridad;¿El acabado puede reducir el paso útil de una escalera por debajo del mínimo?;"No. La dimensión normativa debe cumplirse con la escalera terminada; enchapes, contrapasos inclinados o perfiles decorativos no deben reducir la huella útil."
Escaleras: Diseño, Estructura y Seguridad;¿La nariz del peldaño permite compensar una huella insuficiente en una escalera?;No debe usarse una nariz decorativa como justificación para construir una huella menor al mínimo. La circulación debe conservar una superficie útil y uniforme.
Escaleras: Diseño, Estructura y Seguridad;¿Todas las escaleras pueden hacerse con pasos de 25 cm?;"No. Los 0.25 m corresponden a vivienda e industria. Comercio, oficinas, hospedaje y servicios comunales requieren 0.28 m; salud, educación, recreación, deportes y transporte requieren 0.30 m."
Escaleras: Diseño, Estructura y Seguridad;¿Puede una escalera comercial tener pasos de 25 cm?;No. En comercio el paso mínimo es 0.28 m.
Escaleras: Diseño, Estructura y Seguridad;¿Puede una escalera educativa tener pasos de 28 cm?;No. En una edificación educativa el paso mínimo es 0.30 m.
Escaleras: Diseño, Estructura y Seguridad;¿La fórmula dos contrapasos más un paso reemplaza las medidas mínimas de la escalera?;No. La relación ergonómica 2C + P puede ayudar a comprobar comodidad, pero nunca permite incumplir la huella mínima, el contrapaso máximo, el ancho ni los descansos exigidos.
Escaleras: Diseño, Estructura y Seguridad;¿Una escalera de vivienda con paso de 25 cm y contrapaso de 18 cm es automáticamente cómoda?;Cumple los límites geométricos básicos de vivienda, pero está en los extremos permitidos. También deben revisarse la relación ergonómica, el ancho, los descansos, la altura libre y el tipo de usuario.
Escaleras: Diseño, Estructura y Seguridad;¿Qué significa la garganta de una escalera de concreto?;Es el espesor de la losa inclinada resistente, medido perpendicularmente a su superficie. No incluye el volumen no estructural usado para formar los peldaños ni el acabado.
Escaleras: Diseño, Estructura y Seguridad;¿Cómo se mide el espesor de garganta de una escalera?;Se mide perpendicularmente al plano inclinado de la losa estructural, no verticalmente ni sumando el espesor de los acabados.
Escaleras: Diseño, Estructura y Seguridad;¿Existe un espesor mínimo universal de garganta para toda escalera?;No existe un único espesor normativo aplicable a todas las escaleras. Se define con el cálculo estructural considerando luz, apoyos, cargas, acero, recubrimiento, resistencia, deflexión y construcción.
Escaleras: Diseño, Estructura y Seguridad;¿Puedo hacer una escalera de concreto con una garganta de 5 milímetros?;No. Cinco milímetros no constituyen una losa estructural de concreto armado: ni siquiera permiten alojar el acero y sus recubrimientos.
Escaleras: Diseño, Estructura y Seguridad;¿Puedo hacer una escalera de concreto con una garganta de 5 centímetros?;No debe aceptarse como solución ordinaria. Una garganta de 5 cm resulta incompatible, en la práctica, con los recubrimientos, el diámetro del acero, la colocación del concreto y el control de deflexiones exigidos para una losa estructural.
Escaleras: Diseño, Estructura y Seguridad;¿Qué ocurre si el cálculo de una escalera arroja una garganta de 5 cm?;Debe revisarse el modelo, los apoyos, las cargas, los criterios de servicio y el detalle de acero. Un resultado numérico aislado no es un diseño válido si no puede cumplir recubrimientos, resistencia, deflexión, anclaje y constructibilidad.
Escaleras: Diseño, Estructura y Seguridad;¿Una garganta de 10 cm siempre es suficiente para una escalera?;No. Puede resultar adecuada o insuficiente según la luz, los apoyos, las cargas y el refuerzo. No debe adoptarse como regla universal.
Escaleras: Diseño, Estructura y Seguridad;¿Una garganta de 12 cm siempre es suficiente para una escalera?;No. Doce centímetros es un espesor que puede aparecer en escaleras pequeñas, pero debe comprobarse estructuralmente y detallarse el acero y los recubrimientos.
Escaleras: Diseño, Estructura y Seguridad;¿Qué espesor de garganta se usa normalmente como predimensionamiento de una escalera?;En vivienda suelen explorarse valores aproximados del orden de 0.12 a 0.15 m como predimensionamiento, pero no son un mínimo normativo ni reemplazan el cálculo estructural.
Escaleras: Diseño, Estructura y Seguridad;¿Qué espesor de referencia usa la Norma E.060 para una losa de escalera simplemente apoyada?;Para elementos unidireccionales, la E.060 usa como referencia L/20 para una losa maciza simplemente apoyada cuando no se calcula explícitamente la deflexión. L es la luz estructural correspondiente.
Escaleras: Diseño, Estructura y Seguridad;¿Qué espesor de referencia usa la E.060 para una losa de escalera continua en un extremo?;Como referencia de control de deflexiones, una losa unidireccional continua en un extremo usa L/24, salvo que un cálculo de deflexiones justifique otro espesor.
Escaleras: Diseño, Estructura y Seguridad;¿Qué espesor de referencia usa la E.060 para una losa de escalera continua en ambos extremos?;Como referencia, la relación es L/28 para una losa unidireccional continua en ambos extremos, si no se realiza un cálculo detallado de deflexiones.
Escaleras: Diseño, Estructura y Seguridad;¿Qué espesor de referencia usa la E.060 para una escalera en voladizo?;Para una losa unidireccional en voladizo, la referencia es L/10 cuando no se calcula explícitamente la deflexión. Los voladizos requieren especial cuidado por sus deformaciones y anclajes.
Escaleras: Diseño, Estructura y Seguridad;¿Puede una escalera tener menos espesor que L/20, L/24 o L/28?;Puede evaluarse un espesor menor solo mediante un cálculo que demuestre que las deflexiones no producen efectos adversos y que se cumplen resistencia, recubrimiento, anclaje, durabilidad y construcción.
Escaleras: Diseño, Estructura y Seguridad;¿El acabado de la escalera se cuenta dentro del espesor de garganta?;No. La garganta corresponde a la losa estructural. El porcelanato, granito, mortero de nivelación u otro acabado son cargas y espesores adicionales.
Escaleras: Diseño, Estructura y Seguridad;¿El concreto que forma los peldaños reemplaza la garganta de la escalera?;"No automáticamente. El volumen de los peldaños puede considerarse en el modelo solo si el diseño estructural lo incorpora expresamente; no debe usarse para justificar una losa inclinada demasiado delgada."
Escaleras: Diseño, Estructura y Seguridad;¿El ladrillo usado para formar los peldaños aumenta la resistencia de la escalera?;No debe considerarse elemento resistente salvo que exista un sistema estructural específicamente diseñado. Normalmente funciona como relleno y añade peso.
Escaleras: Diseño, Estructura y Seguridad;¿Cuál es el recubrimiento mínimo del acero en una escalera interior?;Para una losa interior no expuesta al clima ni al suelo, la E.060 establece generalmente 20 mm para barras usuales de losa, sin ser menor que el diámetro de la barra.
Escaleras: Diseño, Estructura y Seguridad;¿Cuál es el recubrimiento del acero de una escalera exterior expuesta al clima?;En concreto expuesto al clima o al suelo, el recubrimiento aumenta: usualmente 40 mm para barras de hasta 5/8 de pulgada y 50 mm para barras de 3/4 de pulgada o mayores.
Escaleras: Diseño, Estructura y Seguridad;¿Cuál es el recubrimiento de una escalera vaciada directamente contra el suelo?;El concreto colocado y permanentemente expuesto contra el suelo requiere 75 mm de recubrimiento.
Escaleras: Diseño, Estructura y Seguridad;¿Por qué una garganta de 5 cm no permite detallar bien el acero de una escalera?;Porque al descontar recubrimientos superiores e inferiores queda poco o ningún espacio para las barras, su diámetro, tolerancias y el concreto que debe envolverlas. El problema es estructural y constructivo, no solo numérico.
Escaleras: Diseño, Estructura y Seguridad;¿En qué dirección va el acero principal de una escalera de losa inclinada?;En una escalera que trabaja como losa unidireccional, el acero principal suele seguir la dirección de la luz y del tramo inclinado entre apoyos. La dirección exacta depende del esquema estructural.
Escaleras: Diseño, Estructura y Seguridad;¿Para qué sirve el acero transversal de una escalera?;Sirve para distribución, control de fisuración y amarre del refuerzo principal. Su cantidad y separación deben figurar en los planos estructurales.
Escaleras: Diseño, Estructura y Seguridad;¿El acero principal de una escalera siempre va en la parte inferior?;No. En zonas de momento positivo suele ubicarse abajo, pero en apoyos continuos o voladizos puede requerirse acero superior. Debe seguirse el diagrama de esfuerzos y los detalles del proyecto.
Escaleras: Diseño, Estructura y Seguridad;¿Se puede cortar el acero de la escalera al llegar al descanso?;No arbitrariamente. Las barras deben desarrollar su anclaje y continuar según el detalle estructural en descansos, vigas o losas de apoyo.
Escaleras: Diseño, Estructura y Seguridad;¿Cuánto debe anclarse el acero de una escalera en el descanso?;"La longitud depende del diámetro, resistencia de materiales, recubrimiento, confinamiento y condición de la barra. Debe indicarla el cálculo y el plano estructural; no existe una medida única para todos los casos."
Escaleras: Diseño, Estructura y Seguridad;¿Una escalera de concreto puede apoyarse sobre un tabique no estructural?;No debe transferir cargas a un tabique que no fue diseñado como apoyo. La escalera necesita vigas, muros o losas estructurales capaces de recibir sus reacciones.
Escaleras: Diseño, Estructura y Seguridad;¿Se puede apoyar una escalera de concreto sobre un muro de 10 cm?;Solo si ese muro forma parte de un sistema estructural diseñado para recibir la carga. Un tabique delgado no debe asumirse como apoyo por simple costumbre.
Escaleras: Diseño, Estructura y Seguridad;¿Se puede agregar una escalera de concreto a una vivienda ya construida?;Sí, pero primero deben evaluarse la losa que se perforará, los nuevos apoyos, la cimentación, la ruta de cargas y el efecto sísmico. No debe añadirse solo fijando algunas barras a la estructura existente.
Escaleras: Diseño, Estructura y Seguridad;¿Se puede abrir un hueco en una losa existente para colocar una escalera?;No sin evaluación estructural. Cortar una losa puede interrumpir acero, cambiar la distribución de cargas y exigir vigas de borde o reforzamiento.
Escaleras: Diseño, Estructura y Seguridad;¿Es suficiente anclar una escalera nueva con algunas varillas pegadas a una losa existente?;No necesariamente. La conexión requiere diseño de anclajes, longitudes, distancias a bordes, estado del concreto y transferencia completa de esfuerzos.
Escaleras: Diseño, Estructura y Seguridad;¿Se pueden pasar tuberías sanitarias dentro de la garganta de una escalera?;Debe evitarse. Las tuberías pueden reducir la sección, desplazar el acero y generar filtraciones. Cualquier pase debe estar coordinado y aprobado en el diseño.
Escaleras: Diseño, Estructura y Seguridad;¿Se pueden pasar tuberías eléctricas dentro de una escalera de concreto?;Solo cuando están previstas y no afectan el recubrimiento, el acero ni el espesor resistente. No deben improvisarse después de armado el elemento.
Escaleras: Diseño, Estructura y Seguridad;¿Se puede perforar una escalera para instalar la baranda?;Sí, pero deben verificarse la posición del acero, las distancias al borde, el tipo de anclaje y la profundidad. Perforar sin control puede cortar barras o fracturar el borde.
Escaleras: Diseño, Estructura y Seguridad;¿Se puede usar acero liso de 6 mm como refuerzo principal de una escalera?;No debe decidirse por costumbre. El refuerzo principal debe ser acero especificado por el diseño, con propiedades y adherencia adecuadas. Una barra pequeña y lisa puede no cumplir la función requerida.
Escaleras: Diseño, Estructura y Seguridad;¿Se puede soldar el acero de una escalera?;Solo si el grado de acero es soldable y existe un procedimiento aprobado. La soldadura improvisada puede fragilizar la barra o alterar su comportamiento.
Escaleras: Diseño, Estructura y Seguridad;¿Se puede usar acero oxidado en una escalera?;Una oxidación superficial puede limpiarse si no hay pérdida de sección ni escamas. Cuando existen picaduras, reducción de diámetro o corrosión severa, el acero debe reemplazarse o evaluarse técnicamente.
Escaleras: Diseño, Estructura y Seguridad;¿Qué resistencia de concreto debe tener una escalera?;Debe usarse la resistencia indicada en los planos estructurales. En vivienda es frecuente encontrar f'c de 210 kg/cm², pero no es una regla universal ni sustituye el diseño.
Escaleras: Diseño, Estructura y Seguridad;¿Se puede agregar agua al concreto durante el vaciado de una escalera?;No debe agregarse agua sin control porque cambia la relación agua-cemento, la resistencia, la retracción y la durabilidad. La consistencia debe corregirse mediante el diseño de mezcla y aditivos autorizados.
Escaleras: Diseño, Estructura y Seguridad;¿Cuál debe ser el slump del concreto para una escalera?;No hay un slump único para todas las escaleras. Debe ser el especificado para la mezcla y el método de colocación, permitiendo compactar sin segregación ni adición informal de agua.
Escaleras: Diseño, Estructura y Seguridad;¿Es necesario vibrar el concreto de una escalera?;Sí. Debe compactarse cuidadosamente alrededor del acero y en la parte inferior de los peldaños, evitando tanto los vacíos como la segregación por vibrado excesivo.
Escaleras: Diseño, Estructura y Seguridad;¿Cómo debe vaciarse el concreto de una escalera?;Debe seguirse una secuencia controlada que evite que la mezcla se deslice o segregue, mantenga el encofrado estable y permita vibrar cada zona. El procedimiento se define según la pendiente y el sistema de encofrado.
Escaleras: Diseño, Estructura y Seguridad;¿La escalera debe vaciarse en una sola jornada?;Es preferible mantener la continuidad del elemento. Si se necesita una junta de construcción, su ubicación y tratamiento deben definirse previamente por el responsable estructural.
Escaleras: Diseño, Estructura y Seguridad;¿Se puede dejar una junta fría en la mitad de una escalera?;No debe improvisarse. Una interrupción en el tramo requiere evaluación de la ubicación, preparación de la superficie y continuidad del acero antes de reiniciar.
Escaleras: Diseño, Estructura y Seguridad;¿Qué debe revisarse en el encofrado de una escalera?;Debe revisarse la pendiente, garganta, dimensiones de pasos y contrapasos, rigidez, apuntalamiento, estanqueidad, recubrimientos y capacidad para soportar concreto y trabajadores.
Escaleras: Diseño, Estructura y Seguridad;¿Por qué puede fallar el apuntalamiento de una escalera?;Por bases inestables, puntales delgados, falta de arriostre, separaciones excesivas o retiro prematuro. Una falla puede deformar o colapsar el elemento durante el vaciado.
Escaleras: Diseño, Estructura y Seguridad;¿A los cuántos días se puede desencofrar una escalera?;No existe un plazo universal. Depende de la resistencia alcanzada, la luz, el tipo de apoyo, el concreto, la temperatura y el plan de apuntalamiento. Debe autorizarlo el responsable de la obra.
Escaleras: Diseño, Estructura y Seguridad;¿Cuánto tiempo debe curarse una escalera de concreto?;En concreto convencional es frecuente mantener curado continuo por lo menos siete días, pero la duración definitiva depende del cemento, clima, método y especificaciones del proyecto.
Escaleras: Diseño, Estructura y Seguridad;¿Se puede usar una escalera recién vaciada?;No debe habilitarse ni cargarse hasta que el concreto alcance resistencia suficiente y el responsable autorice el retiro de protecciones y apuntalamientos.
Escaleras: Diseño, Estructura y Seguridad;¿Se pueden tapar cangrejeras de una escalera solo con mortero?;"No sin evaluar su profundidad y ubicación. El tarrajeo puede ocultar vacíos estructurales; primero debe retirarse el concreto suelto y definirse una reparación compatible."
Escaleras: Diseño, Estructura y Seguridad;¿Qué hacer si una escalera se fisura después de desencofrarla?;Debe registrarse la ubicación, ancho y evolución de las fisuras, revisar apoyos, cargas, acero y retiro de puntales. No debe resanarse antes de determinar si la fisura es superficial o estructural.
Escaleras: Diseño, Estructura y Seguridad;¿Qué señales indican que una escalera está deformándose demasiado?;Hundimiento visible, vibración, fisuras crecientes, desprendimientos o separación respecto de muros y descansos son señales de alerta que requieren evaluación estructural.
Escaleras: Diseño, Estructura y Seguridad;¿Se pueden almacenar ladrillos o bolsas de cemento sobre una escalera en construcción?;No sin verificar la capacidad y la resistencia alcanzada. Las cargas concentradas de materiales pueden superar las previstas durante la etapa temprana.
Escaleras: Diseño, Estructura y Seguridad;¿Por qué el acabado puede dejar desigual el primer o último peldaño de una escalera?;Porque no se consideraron los espesores finales de pisos y enchapes. Las alturas deben calcularse entre niveles terminados para que todos los contrapasos resulten iguales.
Escaleras: Diseño, Estructura y Seguridad;¿El porcelanato cambia las medidas de una escalera?;Sí. El adhesivo, el enchape y el perfil de borde modifican pasos y contrapasos. Deben incorporarse desde el replanteo para conservar las dimensiones terminadas.
Escaleras: Diseño, Estructura y Seguridad;¿La superficie de una escalera debe ser antideslizante?;Sí. El acabado debe ofrecer adherencia adecuada al uso y a la exposición, especialmente en escaleras exteriores, húmedas o de alto tránsito.
Escaleras: Diseño, Estructura y Seguridad;¿Qué hacer si el enchape de una escalera suena hueco?;"Debe comprobarse su adherencia. Las piezas sueltas pueden desprenderse o quebrarse; se retiran y recolocan corrigiendo el soporte y el adhesivo."
Escaleras: Diseño, Estructura y Seguridad;¿Cómo debe drenarse una escalera exterior?;Debe evitarse el empozamiento mediante pendientes discretas, superficies antideslizantes y descarga controlada. El agua no debe dirigirse hacia puertas, descansos ni cimentaciones.
Escaleras: Diseño, Estructura y Seguridad;¿Una escalera debe tener iluminación?;Sí. Debe permitir distinguir claramente peldaños, descansos y cambios de nivel. En rutas de evacuación y locales alcanzados por la normativa de seguridad puede requerirse iluminación de emergencia.
Escaleras: Diseño, Estructura y Seguridad;¿Debe colocarse señal podotáctil al inicio y final de una escalera?;En edificaciones sujetas a la Norma A.120, debe colocarse señalización podotáctil de alerta al inicio y al final de las escaleras, abarcando el ancho de circulación.
Escaleras: Diseño, Estructura y Seguridad;¿Puede usarse una escalera protegida como depósito?;No. Una escalera protegida forma parte de la evacuación y debe permanecer libre de almacenamiento, equipos u otros usos que reduzcan su seguridad.
Escaleras: Diseño, Estructura y Seguridad;¿Una escalera protegida debe continuar hasta el último piso?;Sí. Debe ser continua desde el primer hasta el último nivel servido y conservar sus condiciones de protección durante todo el recorrido.
Escaleras: Diseño, Estructura y Seguridad;¿Cómo se determina cuántas escaleras de evacuación necesita un edificio?;Se determina según uso, aforo, altura, distancias de recorrido, alternativas de salida y requisitos de protección. No puede definirse solo por el área del lote.
Escaleras: Diseño, Estructura y Seguridad;¿Cuál es la distancia máxima de recorrido hacia una escalera o salida?;Como regla general de la Norma A.010, el recorrido puede llegar hasta 45 m sin rociadores y hasta 60 m con un sistema de rociadores aprobado, salvo exigencias específicas del uso.
Escaleras: Diseño, Estructura y Seguridad;¿Una escalera mecánica puede reemplazar la escalera de evacuación?;No debe considerarse reemplazo automático. La evacuación necesita escaleras y salidas que cumplan las normas de seguridad y permanezcan utilizables durante una emergencia.
Escaleras: Diseño, Estructura y Seguridad;¿Se puede colocar una puerta que abra invadiendo el descanso de una escalera?;La puerta no debe reducir el ancho ni la zona segura de circulación del descanso. El sentido y barrido deben coordinarse con la evacuación y el uso del edificio.
Escaleras: Diseño, Estructura y Seguridad;¿Puede una escalera terminar directamente frente a una puerta sin descanso suficiente?;No. Debe existir un descanso que permita abrir, cerrar y circular sin quedar sobre un peldaño ni reducir el ancho requerido.
Escaleras: Diseño, Estructura y Seguridad;¿Se puede cambiar el sentido de una escalera durante la construcción sin modificar los planos?;No. Cambiar el sentido altera apoyos, descansos, recorrido, estructura y evacuación. Requiere revisión y actualización de arquitectura y estructuras.
Escaleras: Diseño, Estructura y Seguridad;¿Puede una escalera invadir el retiro municipal?;Depende de los parámetros urbanísticos y de las reglas aplicables al lote y al tipo de escalera. No debe construirse dentro del retiro sin verificar la autorización municipal.
Escaleras: Diseño, Estructura y Seguridad;¿La escalera se considera parte del área construida?;Generalmente forma parte de la edificación y debe representarse en planos y áreas según el procedimiento municipal aplicable. La contabilización concreta debe verificarse en el expediente.
Escaleras: Diseño, Estructura y Seguridad;¿Una escalera exterior necesita cimentación propia?;Depende de su material y apoyos. Una escalera de concreto o acero puede transmitir cargas importantes y necesita apoyos y cimentaciones diseñados, no simples apoyos sobre contrapiso.
Escaleras: Diseño, Estructura y Seguridad;¿Una escalera metálica necesita cálculo estructural?;Sí. Deben diseñarse perfiles, uniones, anclajes, vibración, corrosión, cargas y apoyos. Que sea liviana no significa que pueda improvisarse.
Escaleras: Diseño, Estructura y Seguridad;¿Qué debe revisarse en una escalera de madera?;Se revisan sección y separación de piezas, uniones, apoyos, humedad, ataque de insectos, vibración, barandas y acabado antideslizante.
Escaleras: Diseño, Estructura y Seguridad;¿Una escalera con peldaños volados necesita diseño especial?;Sí. Cada peldaño y su anclaje deben resistir carga, torsión y vibración, además de cumplir ancho, huella, contrapaso, baranda y seguridad de uso.
Escaleras: Diseño, Estructura y Seguridad;¿Se puede construir una escalera sin plano estructural?;No es recomendable en una escalera de concreto, acero, madera estructural o peldaños volados. El plano define garganta, acero, apoyos, anclajes y detalles que no se deducen solo de la arquitectura.
Escaleras: Diseño, Estructura y Seguridad;¿Qué plano define los pasos y contrapasos de una escalera?;"La arquitectura define su geometría, recorrido, anchos y niveles; estructuras define garganta, acero, apoyos y conexiones. Ambos planos deben estar compatibilizados."
Escaleras: Diseño, Estructura y Seguridad;¿Qué debe aparecer en el plano estructural de una escalera?;Como mínimo: espesor de garganta, resistencia de materiales, diámetros y separaciones de acero, refuerzos superiores e inferiores, anclajes, apoyos, recubrimientos, juntas y detalles de descansos.
Escaleras: Diseño, Estructura y Seguridad;¿Qué debe revisarse antes de vaciar una escalera?;Niveles terminados, pasos, contrapasos, ancho, descanso, altura libre, garganta, acero, anclajes, recubrimientos, pases, encofrado, puntales, concreto, vibrado, seguridad y plan de curado.
Escaleras: Diseño, Estructura y Seguridad;¿Qué tolerancia se acepta en los contrapasos de una escalera?;"La ejecución debe buscar igualdad entre todos los contrapasos. Una diferencia perceptible entre peldaños es peligrosa; cualquier tolerancia contractual debe ser muy pequeña y no puede hacer que se exceda el máximo normativo."
Escaleras: Diseño, Estructura y Seguridad;¿Se puede corregir un contrapaso alto rellenando solo el peldaño vecino?;No debe corregirse aisladamente porque puede trasladar el desnivel al siguiente peldaño. Debe replantearse toda la secuencia entre pisos terminados.
Escaleras: Diseño, Estructura y Seguridad;¿Qué hacer si la escalera construida tiene pasos menores que la norma?;"Debe evaluarse una corrección geométrica integral. No basta con cambiar la nariz del peldaño; puede requerir rehacer tramos, modificar descansos o rediseñar la escalera."
Escaleras: Diseño, Estructura y Seguridad;¿Qué hacer si una escalera construida tiene contrapasos mayores de 18 cm?;Debe rediseñarse la distribución de alturas y verificar la posibilidad de aumentar peldaños o modificar el desarrollo. No debe aceptarse solo porque ya fue construida.
Escaleras: Diseño, Estructura y Seguridad;¿Cómo se revisa una escalera existente antes de comprar una vivienda?;"Se miden ancho, pasos, contrapasos, descansos, altura libre y barandas; además se buscan fisuras, vibración, corrosión, enchapes sueltos y modificaciones no documentadas."
Escaleras: Diseño, Estructura y Seguridad;¿Una escalera estrecha puede regularizarse solo colocando pasamanos?;No. El pasamanos mejora la seguridad, pero no corrige un ancho libre menor al exigido ni una geometría deficiente.
Escaleras: Diseño, Estructura y Seguridad;¿Una escalera sin baranda puede entregarse provisionalmente?;No debe habilitarse mientras exista un borde abierto peligroso. La protección temporal debe ser resistente y mantenerse hasta instalar la baranda definitiva.
Escaleras: Diseño, Estructura y Seguridad;¿Qué altura deben tener los pasamanos de una escalera accesible?;En edificaciones sujetas a accesibilidad deben revisarse los requerimientos específicos de la Norma A.120, incluidos pasamanos y señalización. Estos requisitos pueden ser adicionales a los de una escalera residencial común.
Escaleras: Diseño, Estructura y Seguridad;¿Se necesita pasamanos en ambos lados de una escalera?;Las escaleras protegidas y ciertos usos o condiciones de accesibilidad exigen pasamanos a ambos lados. En una escalera interior de vivienda, la A.020 exige por lo menos uno.
Escaleras: Diseño, Estructura y Seguridad;¿El ancho de una escalera se mide antes o después del tarrajeo?;Se verifica con las superficies terminadas. El tarrajeo, enchape, zócalos y pasamanos no deben reducir el ancho libre por debajo del mínimo.
Escaleras: Diseño, Estructura y Seguridad;¿La medida del paso de una escalera se toma antes o después del enchape?;Se verifica con el acabado final. El enchape del contrapaso y la nariz pueden cambiar la dimensión útil.
Escaleras: Diseño, Estructura y Seguridad;¿Se puede hacer una escalera con peldaños de diferentes materiales?;Sí, pero deben conservarse geometría uniforme, adherencia, resistencia, acabado antideslizante y encuentros sin resaltes que provoquen tropiezos.
Escaleras: Diseño, Estructura y Seguridad;¿Qué pendiente debe tener una escalera?;No existe una sola pendiente para todos los casos. Resulta de combinar pasos y contrapasos que cumplan los límites normativos y una relación ergonómica segura.
Escaleras: Diseño, Estructura y Seguridad;¿Una escalera muy empinada puede corregirse reduciendo el ancho?;No. El ancho y la pendiente son requisitos distintos. Para disminuir la pendiente deben aumentarse el desarrollo, el número de peldaños o los descansos.
Escaleras: Diseño, Estructura y Seguridad;¿Una escalera puede comenzar inmediatamente detrás de la puerta de ingreso?;Debe existir espacio suficiente para abrir la puerta y circular sin caer directamente sobre un peldaño. La distribución debe coordinar el barrido de la hoja y el descanso.
Escaleras: Diseño, Estructura y Seguridad;¿Se puede colocar un baño debajo de una escalera?;Puede evaluarse si se cumplen altura libre, ventilación, instalaciones y mantenimiento, y si no se perforan ni debilitan elementos estructurales.
Escaleras: Diseño, Estructura y Seguridad;¿Se pueden picar los peldaños de una escalera para pasar tuberías?;No debe hacerse sin revisión. El picado puede cortar acero, reducir la garganta o dañar el recubrimiento.
Escaleras: Diseño, Estructura y Seguridad;¿Una fisura longitudinal en la parte inferior de una escalera es peligrosa?;Puede relacionarse con flexión, retracción o corrosión. Deben medirse ancho y evolución y revisar el acero y los apoyos antes de resanar.
Escaleras: Diseño, Estructura y Seguridad;¿Una fisura diagonal cerca del apoyo de una escalera es peligrosa?;Puede indicar esfuerzos de corte, mala conexión o asentamiento. Requiere evaluación estructural, especialmente si crece o se acompaña de deformación.
Escaleras: Diseño, Estructura y Seguridad;¿Por qué vibra una escalera al caminar?;Puede deberse a poca rigidez, luz excesiva, uniones flexibles, espesor insuficiente o daño. Debe evaluarse el sistema completo, no solo añadir acabados.
Escaleras: Diseño, Estructura y Seguridad;¿Cómo se protege una escalera durante la obra?;Se instalan barandas temporales, iluminación, superficies limpias, señalización y control de acceso. No deben dejarse bordes abiertos ni peldaños cubiertos con escombros.
Escaleras: Diseño, Estructura y Seguridad;¿La escalera puede usarse como zona de almacenamiento durante la obra?;No. Debe mantenerse libre como ruta de circulación y evacuación y no sobrecargarse con materiales.
